ID,uri,color
11,gs://bq-mm-benchmark-mmqa-images/0ae33ebeef3b42eb5d00d948a54e08d7.jpg,Orange
6,gs://bq-mm-benchmark-mmqa-images/0dd1e204dee106509d29927739e8379c.jpg,White
1,gs://bq-mm-benchmark-mmqa-images/0b896bf6648d7daabfed0f5ea523139a.jpg,White
6,gs://bq-mm-benchmark-mmqa-images/0c21c34914735826da603a2cfc57eb43.jpg,Blue
5,gs://bq-mm-benchmark-mmqa-images/0dd1e204dee106509d29927739e8379c.jpg,White
6,gs://bq-mm-benchmark-mmqa-images/0cb7529e3db48a6c8dc92c0eb6dfd8d0.jpg,Red
6,gs://bq-mm-benchmark-mmqa-images/0a185b6389ce9219c35af51be1b2af0b.jpg,Red
4,gs://bq-mm-benchmark-mmqa-images/0a259908f0d108cd11a98a884a10b33c.jpg,Black
4,gs://bq-mm-benchmark-mmqa-images/0a86139ce572199fc2407a51d137639c.jpg,White
5,gs://bq-mm-benchmark-mmqa-images/0c078d3517c917ac586f1d79f0f7575c.jpg,Purple
6,gs://bq-mm-benchmark-mmqa-images/0ba22c5e934592d718f1ff9087bf6161.jpg,There is no logo visible in the image provided.
11,gs://bq-mm-benchmark-mmqa-images/0dd82dd6dec70831338aff8f5187449c.jpg,Black
5,gs://bq-mm-benchmark-mmqa-images/0cb7529e3db48a6c8dc92c0eb6dfd8d0.jpg,Red
1,gs://bq-mm-benchmark-mmqa-images/0caf09a1166b2aae07b4d0f67568c404.jpg,White
6,gs://bq-mm-benchmark-mmqa-images/0a408d1fa77bd80284d7056dc79a8721.jpg,Yellow
6,gs://bq-mm-benchmark-mmqa-images/0d31d3afe2df2f43ad6acc67f24283a6.jpg,White
5,gs://bq-mm-benchmark-mmqa-images/0a408d1fa77bd80284d7056dc79a8721.jpg,Yellow
1,gs://bq-mm-benchmark-mmqa-images/0cf5636ed39f1af90dc53df7ea6ffe5b.jpg,Yellow
5,gs://bq-mm-benchmark-mmqa-images/0bccae18d1bc23b9e560891520b2c3dd.jpg,Red
5,gs://bq-mm-benchmark-mmqa-images/0b4b3fa98627daa78c49b8b6655c5df7.jpg,Red
5,gs://bq-mm-benchmark-mmqa-images/0bba79d4eec60537f1abb64c624e8341.jpg,Not applicable
11,gs://bq-mm-benchmark-mmqa-images/0df5cc80bcd2a27b91224d658ad3a7b5.jpg,There is no logo present in the image.
5,gs://bq-mm-benchmark-mmqa-images/0aa3794a64a4e5a965406bf7eec17f23.jpg,Red
6,gs://bq-mm-benchmark-mmqa-images/0c7d52ade71694ced9bb64864d32c7be.jpg,Blue
6,gs://bq-mm-benchmark-mmqa-images/0c8eb9cd33e9447edabf369bf0609f04.jpg,Yellow
5,gs://bq-mm-benchmark-mmqa-images/0caf5d289498683b81aa216ee99c251e.jpg,No logo is visible in the image.
6,gs://bq-mm-benchmark-mmqa-images/0aa3794a64a4e5a965406bf7eec17f23.jpg,Red
5,gs://bq-mm-benchmark-mmqa-images/0a9a20c1ee2a00eb504b22ef77b6dd31.jpg,Black and white.
1,gs://bq-mm-benchmark-mmqa-images/0e55b397c7770893544eb92ddc680b23.jpg,Gold
1,gs://bq-mm-benchmark-mmqa-images/0a78c5f6c9e1601b21c0e6cc7d4a13ed.jpg,White
6,gs://bq-mm-benchmark-mmqa-images/0e3bd1f5e63abf955b3f902bdc0add68.jpg,Not applicable (there is no logo in the image)
6,gs://bq-mm-benchmark-mmqa-images/0bccae18d1bc23b9e560891520b2c3dd.jpg,Red
6,gs://bq-mm-benchmark-mmqa-images/0b4b3fa98627daa78c49b8b6655c5df7.jpg,Red
5,gs://bq-mm-benchmark-mmqa-images/0a8323480f0ef71d2096efacd8ca1742.jpg,Not applicable
5,gs://bq-mm-benchmark-mmqa-images/0cb5e772ffd753bd3df08aa157692540.jpg,White
11,gs://bq-mm-benchmark-mmqa-images/0e372ef850391ab72ed5ae8bdedc90bb.jpg,Silver
5,gs://bq-mm-benchmark-mmqa-images/0d9f69db877e52ae3e265c9ca9e47c78.jpg,Red
11,gs://bq-mm-benchmark-mmqa-images/0d4a9de9497f50ca68f84fa967b41fb2.jpg,Black
6,gs://bq-mm-benchmark-mmqa-images/0bba79d4eec60537f1abb64c624e8341.jpg,None
11,gs://bq-mm-benchmark-mmqa-images/0e55b397c7770893544eb92ddc680b23.jpg,Gold
5,gs://bq-mm-benchmark-mmqa-images/0c8eb9cd33e9447edabf369bf0609f04.jpg,Yellow
6,gs://bq-mm-benchmark-mmqa-images/0cb9414197494feedcd71b646c8c84cb.jpg,Not applicable.
5,gs://bq-mm-benchmark-mmqa-images/0e3bd1f5e63abf955b3f902bdc0add68.jpg,Not applicable (no logo)
4,gs://bq-mm-benchmark-mmqa-images/0c40c902d12029635fb05ef55769fad4.jpg,Black
4,gs://bq-mm-benchmark-mmqa-images/0d8b82c37d0589c35d023de04cef5d40.jpg,White
6,gs://bq-mm-benchmark-mmqa-images/0caf5d289498683b81aa216ee99c251e.jpg,No logo present.
5,gs://bq-mm-benchmark-mmqa-images/0c141eb84b21daae6c6062bda51fd80d.jpg,No logo present.
5,gs://bq-mm-benchmark-mmqa-images/0a185b6389ce9219c35af51be1b2af0b.jpg,Red
1,gs://bq-mm-benchmark-mmqa-images/0a90891a0035fff9b35ddff1a9f1e736.jpg,Not applicable
5,gs://bq-mm-benchmark-mmqa-images/0c0fbc00f99235ec607b16e17f10979f.jpg,Red
1,gs://bq-mm-benchmark-mmqa-images/0bea7385faf531b75fbd36e7769ee8ea.jpg,White
11,gs://bq-mm-benchmark-mmqa-images/0bea7385faf531b75fbd36e7769ee8ea.jpg,White
4,gs://bq-mm-benchmark-mmqa-images/0b4b3fa98627daa78c49b8b6655c5df7.jpg,White and red
5,gs://bq-mm-benchmark-mmqa-images/0a78c5f6c9e1601b21c0e6cc7d4a13ed.jpg,White
11,gs://bq-mm-benchmark-mmqa-images/0bc2d39861a25d74b8b734246304726d.jpg,Black
5,gs://bq-mm-benchmark-mmqa-images/0b1eaf0cadce1b185f1c1e179b406eef.jpg,Not applicable
11,gs://bq-mm-benchmark-mmqa-images/0caf09a1166b2aae07b4d0f67568c404.jpg,White
6,gs://bq-mm-benchmark-mmqa-images/0bf8dc8a2ea59458ce518928642251a6.jpg,No logo is visible in the image.
1,gs://bq-mm-benchmark-mmqa-images/0dd82dd6dec70831338aff8f5187449c.jpg,Black
11,gs://bq-mm-benchmark-mmqa-images/0a78c5f6c9e1601b21c0e6cc7d4a13ed.jpg,White
6,gs://bq-mm-benchmark-mmqa-images/0cb5e772ffd753bd3df08aa157692540.jpg,White
6,gs://bq-mm-benchmark-mmqa-images/0c078d3517c917ac586f1d79f0f7575c.jpg,Purple
5,gs://bq-mm-benchmark-mmqa-images/0e372ef850391ab72ed5ae8bdedc90bb.jpg,Silver
5,gs://bq-mm-benchmark-mmqa-images/0bf8dc8a2ea59458ce518928642251a6.jpg,No logo is visible in the image.
11,gs://bq-mm-benchmark-mmqa-images/0c2da2a740161136aaf915beb6c19106.jpg,White
5,gs://bq-mm-benchmark-mmqa-images/0ba22c5e934592d718f1ff9087bf6161.jpg,Not applicable
6,gs://bq-mm-benchmark-mmqa-images/0c89ca3bb811f418c54ced12ba79dbea.jpg,Red
1,gs://bq-mm-benchmark-mmqa-images/0e372ef850391ab72ed5ae8bdedc90bb.jpg,Silver
1,gs://bq-mm-benchmark-mmqa-images/0df5cc80bcd2a27b91224d658ad3a7b5.jpg,"I'm sorry, but I cannot determine the color of a logo from the provided image. The image displays an architectural scene at night, featuring a prominent cathedral and surrounding buildings under a dark blue sky. There is no visible logo within the image."
11,gs://bq-mm-benchmark-mmqa-images/0cf5636ed39f1af90dc53df7ea6ffe5b.jpg,Yellow
5,gs://bq-mm-benchmark-mmqa-images/0c21c34914735826da603a2cfc57eb43.jpg,Blue
5,gs://bq-mm-benchmark-mmqa-images/0c7d52ade71694ced9bb64864d32c7be.jpg,None
6,gs://bq-mm-benchmark-mmqa-images/0b1eaf0cadce1b185f1c1e179b406eef.jpg,N/A
5,gs://bq-mm-benchmark-mmqa-images/0ac83693b42f451f27c992a887c38887.jpg,Blue
11,gs://bq-mm-benchmark-mmqa-images/0b256915936f8a7be8fbd9292104763b.jpg,Blue
6,gs://bq-mm-benchmark-mmqa-images/0a78c5f6c9e1601b21c0e6cc7d4a13ed.jpg,White
4,gs://bq-mm-benchmark-mmqa-images/00e045cfe25f58c8ccc98fb93bde189d.jpg,Red
4,gs://bq-mm-benchmark-mmqa-images/0a5476cae1df80dbf9edce2935f934b2.jpg,Orange-brown
6,gs://bq-mm-benchmark-mmqa-images/0c0fbc00f99235ec607b16e17f10979f.jpg,Red
1,gs://bq-mm-benchmark-mmqa-images/0bc2d39861a25d74b8b734246304726d.jpg,Red
1,gs://bq-mm-benchmark-mmqa-images/0c2da2a740161136aaf915beb6c19106.jpg,White
6,gs://bq-mm-benchmark-mmqa-images/0d9f69db877e52ae3e265c9ca9e47c78.jpg,Red
6,gs://bq-mm-benchmark-mmqa-images/0c141eb84b21daae6c6062bda51fd80d.jpg,No logo is visible in the image.
6,gs://bq-mm-benchmark-mmqa-images/0a9a20c1ee2a00eb504b22ef77b6dd31.jpg,Black and white
6,gs://bq-mm-benchmark-mmqa-images/0ac83693b42f451f27c992a887c38887.jpg,Blue
6,gs://bq-mm-benchmark-mmqa-images/0a8323480f0ef71d2096efacd8ca1742.jpg,No logo is visible in the image.
1,gs://bq-mm-benchmark-mmqa-images/0b256915936f8a7be8fbd9292104763b.jpg,Purple
1,gs://bq-mm-benchmark-mmqa-images/0c9b4d169ebf6db45752c66ad16f568c.jpg,Yellow
6,gs://bq-mm-benchmark-mmqa-images/0e372ef850391ab72ed5ae8bdedc90bb.jpg,Silver
5,gs://bq-mm-benchmark-mmqa-images/0cb9414197494feedcd71b646c8c84cb.jpg,Not applicable
5,gs://bq-mm-benchmark-mmqa-images/0e7eac2ad4785f63d08c3250039857f2.jpg,Orange
5,gs://bq-mm-benchmark-mmqa-images/0c89ca3bb811f418c54ced12ba79dbea.jpg,Red
1,gs://bq-mm-benchmark-mmqa-images/0ae33ebeef3b42eb5d00d948a54e08d7.jpg,Orange
1,gs://bq-mm-benchmark-mmqa-images/0d4a9de9497f50ca68f84fa967b41fb2.jpg,Gray
11,gs://bq-mm-benchmark-mmqa-images/0c9b4d169ebf6db45752c66ad16f568c.jpg,Yellow
4,gs://bq-mm-benchmark-mmqa-images/0d9f69db877e52ae3e265c9ca9e47c78.jpg,Red
11,gs://bq-mm-benchmark-mmqa-images/0b896bf6648d7daabfed0f5ea523139a.jpg,Grey
