ImagePath,Species,City,StationID
/home/jiale/SemBench/files/animals/source_data/hypnotu/dsail-porini/versions/2/DSAIL-Porini Annotated camera trap images of wildlife species from a conservancy in Kenya/RaspberryPi_images/14th-deployment/2021-10-14-10-24-44.jpg,WARTHOG,Mombasa,Station_C
/home/jiale/SemBench/files/animals/source_data/hypnotu/dsail-porini/versions/2/DSAIL-Porini Annotated camera trap images of wildlife species from a conservancy in Kenya/RaspberryPi_images/21st-deployment/2021-11-30-16-24-25.jpg,IMPALA,Eldoret,Station_C
/home/jiale/SemBench/files/animals/source_data/hypnotu/dsail-porini/versions/2/DSAIL-Porini Annotated camera trap images of wildlife species from a conservancy in Kenya/RaspberryPi_images/21st-deployment/2021-11-30-16-36-00.jpg,IMPALA,Nairobi,Station_C
/home/jiale/SemBench/files/animals/source_data/hypnotu/dsail-porini/versions/2/DSAIL-Porini Annotated camera trap images of wildlife species from a conservancy in Kenya/RaspberryPi_images/29th-deployment/2021-12-23-17-44-19.jpg,IMPALA,Nairobi,Station_B
/home/jiale/SemBench/files/animals/source_data/hypnotu/dsail-porini/versions/2/DSAIL-Porini Annotated camera trap images of wildlife species from a conservancy in Kenya/RaspberryPi_images/6th-deployment/2021-08-13-16-22-51.jpg,IMPALA,Nakuru,Station_C
/home/jiale/SemBench/files/animals/source_data/hypnotu/dsail-porini/versions/2/DSAIL-Porini Annotated camera trap images of wildlife species from a conservancy in Kenya/RaspberryPi_images/29th-deployment/2021-12-24-07-54-08.jpg,IMPALA,Eldoret,Station_D
/home/jiale/SemBench/files/animals/source_data/hypnotu/dsail-porini/versions/2/DSAIL-Porini Annotated camera trap images of wildlife species from a conservancy in Kenya/RaspberryPi_images/29th-deployment/2021-12-24-06-52-00.jpg,CAN'T TELL,Mombasa,Station_B
/home/jiale/SemBench/files/animals/source_data/hypnotu/dsail-porini/versions/2/DSAIL-Porini Annotated camera trap images of wildlife species from a conservancy in Kenya/RaspberryPi_images/29th-deployment/2021-12-23-17-47-57.jpg,IMPALA,Mombasa,Station_C
/home/jiale/SemBench/files/animals/source_data/hypnotu/dsail-porini/versions/2/DSAIL-Porini Annotated camera trap images of wildlife species from a conservancy in Kenya/RaspberryPi_images/21st-deployment/2021-11-30-16-33-04.jpg,IMPALA,Nairobi,Station_A
/home/jiale/SemBench/files/animals/source_data/hypnotu/dsail-porini/versions/2/DSAIL-Porini Annotated camera trap images of wildlife species from a conservancy in Kenya/RaspberryPi_images/29th-deployment/2021-12-24-06-51-38.jpg,CAN'T TELL,Nairobi,Station_A
/home/jiale/SemBench/files/animals/source_data/hypnotu/dsail-porini/versions/2/DSAIL-Porini Annotated camera trap images of wildlife species from a conservancy in Kenya/RaspberryPi_images/29th-deployment/2021-12-23-17-40-30.jpg,IMPALA,Eldoret,Station_C
/home/jiale/SemBench/files/animals/source_data/hypnotu/dsail-porini/versions/2/DSAIL-Porini Annotated camera trap images of wildlife species from a conservancy in Kenya/RaspberryPi_images/29th-deployment/2021-12-23-18-28-55.jpg,IMPALA,Nakuru,Station_B
/home/jiale/SemBench/files/animals/source_data/hypnotu/dsail-porini/versions/2/DSAIL-Porini Annotated camera trap images of wildlife species from a conservancy in Kenya/RaspberryPi_images/21st-deployment/2021-11-30-16-16-28.jpg,IMPALA,Nairobi,Station_A
/home/jiale/SemBench/files/animals/source_data/hypnotu/dsail-porini/versions/2/DSAIL-Porini Annotated camera trap images of wildlife species from a conservancy in Kenya/RaspberryPi_images/29th-deployment/2021-12-24-07-54-11.jpg,IMPALA,Mombasa,Station_B
/home/jiale/SemBench/files/animals/source_data/hypnotu/dsail-porini/versions/2/DSAIL-Porini Annotated camera trap images of wildlife species from a conservancy in Kenya/RaspberryPi_images/17th-deployment/2021-11-03-10-00-52.jpg,CAN'T TELL,Eldoret,Station_B
/home/jiale/SemBench/files/animals/source_data/hypnotu/dsail-porini/versions/2/DSAIL-Porini Annotated camera trap images of wildlife species from a conservancy in Kenya/RaspberryPi_images/21st-deployment/2021-11-30-16-45-36.jpg,IMPALA,Nakuru,Station_B
/home/jiale/SemBench/files/animals/source_data/hypnotu/dsail-porini/versions/2/DSAIL-Porini Annotated camera trap images of wildlife species from a conservancy in Kenya/OpenMV_images/snapshot_2019108343234145.jpg,IMPALA,Nairobi,Station_B
/home/jiale/SemBench/files/animals/source_data/hypnotu/dsail-porini/versions/2/DSAIL-Porini Annotated camera trap images of wildlife species from a conservancy in Kenya/RaspberryPi_images/29th-deployment/2021-12-24-07-36-16.jpg,IMPALA,Kisumu,Station_C
/home/jiale/SemBench/files/animals/source_data/hypnotu/dsail-porini/versions/2/DSAIL-Porini Annotated camera trap images of wildlife species from a conservancy in Kenya/RaspberryPi_images/18th-deployment/2021-11-23-06-20-57.jpg,IMPALA,Nairobi,Station_C
/home/jiale/SemBench/files/animals/source_data/hypnotu/dsail-porini/versions/2/DSAIL-Porini Annotated camera trap images of wildlife species from a conservancy in Kenya/RaspberryPi_images/29th-deployment/2021-12-23-18-28-23.jpg,IMPALA,Eldoret,Station_A
/home/jiale/SemBench/files/animals/source_data/hypnotu/dsail-porini/versions/2/DSAIL-Porini Annotated camera trap images of wildlife species from a conservancy in Kenya/RaspberryPi_images/16th-deployment/2021-10-22-06-19-22.jpg,IMPALA,Nairobi,Station_B
/home/jiale/SemBench/files/animals/source_data/hypnotu/dsail-porini/versions/2/DSAIL-Porini Annotated camera trap images of wildlife species from a conservancy in Kenya/RaspberryPi_images/29th-deployment/2021-12-24-07-21-31.jpg,IMPALA,Mombasa,Station_B
/home/jiale/SemBench/files/animals/source_data/hypnotu/dsail-porini/versions/2/DSAIL-Porini Annotated camera trap images of wildlife species from a conservancy in Kenya/RaspberryPi_images/22nd-deployment/2021-12-08-15-17-13.jpg,WARTHOG,Kisumu,Station_C
/home/jiale/SemBench/files/animals/source_data/hypnotu/dsail-porini/versions/2/DSAIL-Porini Annotated camera trap images of wildlife species from a conservancy in Kenya/RaspberryPi_images/22nd-deployment/2021-12-08-18-00-52.jpg,IMPALA,Mombasa,Station_D
/home/jiale/SemBench/files/animals/source_data/hypnotu/dsail-porini/versions/2/DSAIL-Porini Annotated camera trap images of wildlife species from a conservancy in Kenya/RaspberryPi_images/22nd-deployment/2021-12-08-15-12-28.jpg,WARTHOG,Nairobi,Station_B
/home/jiale/SemBench/files/animals/source_data/hypnotu/dsail-porini/versions/2/DSAIL-Porini Annotated camera trap images of wildlife species from a conservancy in Kenya/RaspberryPi_images/22nd-deployment/2021-12-08-15-04-12.jpg,"IMPALA, WARTHOG",Mombasa,Station_B
/home/jiale/SemBench/files/animals/source_data/hypnotu/dsail-porini/versions/2/DSAIL-Porini Annotated camera trap images of wildlife species from a conservancy in Kenya/RaspberryPi_images/22nd-deployment/2021-12-08-15-06-41.jpg,"IMPALA, WARTHOG",Nairobi,Station_D
/home/jiale/SemBench/files/animals/source_data/hypnotu/dsail-porini/versions/2/DSAIL-Porini Annotated camera trap images of wildlife species from a conservancy in Kenya/RaspberryPi_images/18th-deployment/2021-11-26-07-52-32.jpg,IMPALA,Nairobi,Station_C
/home/jiale/SemBench/files/animals/source_data/hypnotu/dsail-porini/versions/2/DSAIL-Porini Annotated camera trap images of wildlife species from a conservancy in Kenya/RaspberryPi_images/22nd-deployment/2021-12-08-17-53-42.jpg,IMPALA,Kisumu,Station_B
/home/jiale/SemBench/files/animals/source_data/hypnotu/dsail-porini/versions/2/DSAIL-Porini Annotated camera trap images of wildlife species from a conservancy in Kenya/RaspberryPi_images/21st-deployment/2021-11-30-16-39-50.jpg,IMPALA,Nairobi,Station_A
/home/jiale/SemBench/files/animals/source_data/hypnotu/dsail-porini/versions/2/DSAIL-Porini Annotated camera trap images of wildlife species from a conservancy in Kenya/RaspberryPi_images/10th-deployment/2021-09-22-14-50-06.jpg,MONKEY,Mombasa,Station_A
/home/jiale/SemBench/files/animals/source_data/hypnotu/dsail-porini/versions/2/DSAIL-Porini Annotated camera trap images of wildlife species from a conservancy in Kenya/RaspberryPi_images/29th-deployment/2021-12-23-17-46-53.jpg,IMPALA,Mombasa,Station_B
/home/jiale/SemBench/files/animals/source_data/hypnotu/dsail-porini/versions/2/DSAIL-Porini Annotated camera trap images of wildlife species from a conservancy in Kenya/RaspberryPi_images/21st-deployment/2021-11-30-16-45-50.jpg,IMPALA,Mombasa,Station_A
/home/jiale/SemBench/files/animals/source_data/hypnotu/dsail-porini/versions/2/DSAIL-Porini Annotated camera trap images of wildlife species from a conservancy in Kenya/OpenMV_images/snapshot_2019108341525129.jpg,IMPALA,Nairobi,Station_A
/home/jiale/SemBench/files/animals/source_data/hypnotu/dsail-porini/versions/2/DSAIL-Porini Annotated camera trap images of wildlife species from a conservancy in Kenya/RaspberryPi_images/21st-deployment/2021-11-30-16-41-57.jpg,IMPALA,Nakuru,Station_A
/home/jiale/SemBench/files/animals/source_data/hypnotu/dsail-porini/versions/2/DSAIL-Porini Annotated camera trap images of wildlife species from a conservancy in Kenya/RaspberryPi_images/11th-deployment/2021-09-29-17-57-33.jpg,WATERBUCK,Nairobi,Station_A
/home/jiale/SemBench/files/animals/source_data/hypnotu/dsail-porini/versions/2/DSAIL-Porini Annotated camera trap images of wildlife species from a conservancy in Kenya/RaspberryPi_images/18th-deployment/2021-11-16-06-11-54.jpg,WATERBUCK,Kisumu,Station_C
/home/jiale/SemBench/files/animals/source_data/hypnotu/dsail-porini/versions/2/DSAIL-Porini Annotated camera trap images of wildlife species from a conservancy in Kenya/RaspberryPi_images/21st-deployment/2021-11-30-16-20-12.jpg,IMPALA,Nakuru,Station_B
/home/jiale/SemBench/files/animals/source_data/hypnotu/dsail-porini/versions/2/DSAIL-Porini Annotated camera trap images of wildlife species from a conservancy in Kenya/RaspberryPi_images/29th-deployment/2021-12-23-18-27-30.jpg,IMPALA,Nairobi,Station_A
/home/jiale/SemBench/files/animals/source_data/hypnotu/dsail-porini/versions/2/DSAIL-Porini Annotated camera trap images of wildlife species from a conservancy in Kenya/RaspberryPi_images/22nd-deployment/2021-12-08-15-27-29.jpg,WARTHOG,Nairobi,Station_A
/home/jiale/SemBench/files/animals/source_data/hypnotu/dsail-porini/versions/2/DSAIL-Porini Annotated camera trap images of wildlife species from a conservancy in Kenya/OpenMV_images/snapshot_20191083563242.jpg,ZEBRA,Nairobi,Station_A
/home/jiale/SemBench/files/animals/source_data/hypnotu/dsail-porini/versions/2/DSAIL-Porini Annotated camera trap images of wildlife species from a conservancy in Kenya/RaspberryPi_images/26th-deployment/2021-12-16-15-34-09.jpg,IMPALA,Nakuru,Station_C
/home/jiale/SemBench/files/animals/source_data/hypnotu/dsail-porini/versions/2/DSAIL-Porini Annotated camera trap images of wildlife species from a conservancy in Kenya/RaspberryPi_images/14th-deployment/2021-10-14-06-03-04.jpg,IMPALA,Nakuru,Station_D
/home/jiale/SemBench/files/animals/source_data/hypnotu/dsail-porini/versions/2/DSAIL-Porini Annotated camera trap images of wildlife species from a conservancy in Kenya/RaspberryPi_images/29th-deployment/2021-12-23-17-41-54.jpg,IMPALA,Mombasa,Station_B
/home/jiale/SemBench/files/animals/source_data/hypnotu/dsail-porini/versions/2/DSAIL-Porini Annotated camera trap images of wildlife species from a conservancy in Kenya/RaspberryPi_images/21st-deployment/2021-11-30-16-18-49.jpg,IMPALA,Mombasa,Station_B
/home/jiale/SemBench/files/animals/source_data/hypnotu/dsail-porini/versions/2/DSAIL-Porini Annotated camera trap images of wildlife species from a conservancy in Kenya/RaspberryPi_images/16th-deployment/2021-10-22-16-26-15.jpg,IMPALA,Nairobi,Station_B
/home/jiale/SemBench/files/animals/source_data/hypnotu/dsail-porini/versions/2/DSAIL-Porini Annotated camera trap images of wildlife species from a conservancy in Kenya/RaspberryPi_images/14th-deployment/2021-10-15-18-14-14.jpg,ZEBRA,Mombasa,Station_B
/home/jiale/SemBench/files/animals/source_data/hypnotu/dsail-porini/versions/2/DSAIL-Porini Annotated camera trap images of wildlife species from a conservancy in Kenya/RaspberryPi_images/13th-deployment/2021-10-14-10-38-46.jpg,WARTHOG,Nakuru,Station_D
/home/jiale/SemBench/files/animals/source_data/hypnotu/dsail-porini/versions/2/DSAIL-Porini Annotated camera trap images of wildlife species from a conservancy in Kenya/RaspberryPi_images/29th-deployment/2021-12-23-17-26-07.jpg,IMPALA,Kisumu,Station_A
/home/jiale/SemBench/files/animals/source_data/hypnotu/dsail-porini/versions/2/DSAIL-Porini Annotated camera trap images of wildlife species from a conservancy in Kenya/RaspberryPi_images/22nd-deployment/2021-12-08-15-25-35.jpg,WARTHOG,Nairobi,Station_B
/home/jiale/SemBench/files/animals/source_data/hypnotu/dsail-porini/versions/2/DSAIL-Porini Annotated camera trap images of wildlife species from a conservancy in Kenya/RaspberryPi_images/26th-deployment/2021-12-16-15-35-04.jpg,IMPALA,Nakuru,Station_C
/home/jiale/SemBench/files/animals/source_data/hypnotu/dsail-porini/versions/2/DSAIL-Porini Annotated camera trap images of wildlife species from a conservancy in Kenya/RaspberryPi_images/29th-deployment/2021-12-24-07-09-44.jpg,IMPALA,Nairobi,Station_C
/home/jiale/SemBench/files/animals/source_data/hypnotu/dsail-porini/versions/2/DSAIL-Porini Annotated camera trap images of wildlife species from a conservancy in Kenya/RaspberryPi_images/5th-deployment/2021-08-08-10-27-43.jpg,MONKEY,Kisumu,Station_C
/home/jiale/SemBench/files/animals/source_data/hypnotu/dsail-porini/versions/2/DSAIL-Porini Annotated camera trap images of wildlife species from a conservancy in Kenya/RaspberryPi_images/26th-deployment/2021-12-16-15-35-36.jpg,IMPALA,Nakuru,Station_B
/home/jiale/SemBench/files/animals/source_data/hypnotu/dsail-porini/versions/2/DSAIL-Porini Annotated camera trap images of wildlife species from a conservancy in Kenya/RaspberryPi_images/26th-deployment/2021-12-17-15-02-44.jpg,IMPALA,Mombasa,Station_B
/home/jiale/SemBench/files/animals/source_data/hypnotu/dsail-porini/versions/2/DSAIL-Porini Annotated camera trap images of wildlife species from a conservancy in Kenya/RaspberryPi_images/26th-deployment/2021-12-16-15-29-22.jpg,IMPALA,Nairobi,Station_D
/home/jiale/SemBench/files/animals/source_data/hypnotu/dsail-porini/versions/2/DSAIL-Porini Annotated camera trap images of wildlife species from a conservancy in Kenya/RaspberryPi_images/21st-deployment/2021-11-30-16-33-44.jpg,IMPALA,Mombasa,Station_C
/home/jiale/SemBench/files/animals/source_data/hypnotu/dsail-porini/versions/2/DSAIL-Porini Annotated camera trap images of wildlife species from a conservancy in Kenya/RaspberryPi_images/22nd-deployment/2021-12-08-18-04-39.jpg,IMPALA,Eldoret,Station_B
/home/jiale/SemBench/files/animals/source_data/hypnotu/dsail-porini/versions/2/DSAIL-Porini Annotated camera trap images of wildlife species from a conservancy in Kenya/RaspberryPi_images/14th-deployment/2021-10-18-06-16-11.jpg,IMPALA,Mombasa,Station_B
/home/jiale/SemBench/files/animals/source_data/hypnotu/dsail-porini/versions/2/DSAIL-Porini Annotated camera trap images of wildlife species from a conservancy in Kenya/RaspberryPi_images/13th-deployment/2021-10-14-10-37-26.jpg,WARTHOG,Nairobi,Station_A
/home/jiale/SemBench/files/animals/source_data/hypnotu/dsail-porini/versions/2/DSAIL-Porini Annotated camera trap images of wildlife species from a conservancy in Kenya/RaspberryPi_images/13th-deployment/2021-10-14-10-34-01.jpg,WARTHOG,Mombasa,Station_B
/home/jiale/SemBench/files/animals/source_data/hypnotu/dsail-porini/versions/2/DSAIL-Porini Annotated camera trap images of wildlife species from a conservancy in Kenya/RaspberryPi_images/21st-deployment/2021-11-30-16-19-05.jpg,IMPALA,Kisumu,Station_B
/home/jiale/SemBench/files/animals/source_data/hypnotu/dsail-porini/versions/2/DSAIL-Porini Annotated camera trap images of wildlife species from a conservancy in Kenya/RaspberryPi_images/29th-deployment/2021-12-23-17-43-43.jpg,IMPALA,Nakuru,Station_A
/home/jiale/SemBench/files/animals/source_data/hypnotu/dsail-porini/versions/2/DSAIL-Porini Annotated camera trap images of wildlife species from a conservancy in Kenya/RaspberryPi_images/28th-deployment/2021-12-26-17-21-00.jpg,WATERBUCK,Nairobi,Station_A
/home/jiale/SemBench/files/animals/source_data/hypnotu/dsail-porini/versions/2/DSAIL-Porini Annotated camera trap images of wildlife species from a conservancy in Kenya/RaspberryPi_images/22nd-deployment/2021-12-08-15-10-18.jpg,WARTHOG,Nairobi,Station_C
/home/jiale/SemBench/files/animals/source_data/hypnotu/dsail-porini/versions/2/DSAIL-Porini Annotated camera trap images of wildlife species from a conservancy in Kenya/RaspberryPi_images/29th-deployment/2021-12-23-18-29-22.jpg,IMPALA,Nakuru,Station_D
/home/jiale/SemBench/files/animals/source_data/hypnotu/dsail-porini/versions/2/DSAIL-Porini Annotated camera trap images of wildlife species from a conservancy in Kenya/RaspberryPi_images/29th-deployment/2021-12-24-15-02-25.jpg,IMPALA,Nairobi,Station_C
/home/jiale/SemBench/files/animals/source_data/hypnotu/dsail-porini/versions/2/DSAIL-Porini Annotated camera trap images of wildlife species from a conservancy in Kenya/RaspberryPi_images/21st-deployment/2021-11-30-16-31-12.jpg,IMPALA,Mombasa,Station_A
/home/jiale/SemBench/files/animals/source_data/hypnotu/dsail-porini/versions/2/DSAIL-Porini Annotated camera trap images of wildlife species from a conservancy in Kenya/RaspberryPi_images/22nd-deployment/2021-12-08-15-16-30.jpg,WARTHOG,Mombasa,Station_B
/home/jiale/SemBench/files/animals/source_data/hypnotu/dsail-porini/versions/2/DSAIL-Porini Annotated camera trap images of wildlife species from a conservancy in Kenya/RaspberryPi_images/29th-deployment/2021-12-24-07-19-13.jpg,IMPALA,Mombasa,Station_B
/home/jiale/SemBench/files/animals/source_data/hypnotu/dsail-porini/versions/2/DSAIL-Porini Annotated camera trap images of wildlife species from a conservancy in Kenya/RaspberryPi_images/29th-deployment/2021-12-25-15-01-51.jpg,IMPALA,Nairobi,Station_A
/home/jiale/SemBench/files/animals/source_data/hypnotu/dsail-porini/versions/2/DSAIL-Porini Annotated camera trap images of wildlife species from a conservancy in Kenya/RaspberryPi_images/29th-deployment/2021-12-23-17-46-45.jpg,IMPALA,Nairobi,Station_A
/home/jiale/SemBench/files/animals/source_data/hypnotu/dsail-porini/versions/2/DSAIL-Porini Annotated camera trap images of wildlife species from a conservancy in Kenya/RaspberryPi_images/29th-deployment/2021-12-23-17-54-45.jpg,BUSHBUCK,Nakuru,Station_C
/home/jiale/SemBench/files/animals/source_data/hypnotu/dsail-porini/versions/2/DSAIL-Porini Annotated camera trap images of wildlife species from a conservancy in Kenya/RaspberryPi_images/30th-deployment/2021-12-23-18-33-09.jpg,WATERBUCK,Nairobi,Station_B
/home/jiale/SemBench/files/animals/source_data/hypnotu/dsail-porini/versions/2/DSAIL-Porini Annotated camera trap images of wildlife species from a conservancy in Kenya/OpenMV_images/snapshot_201910834856142.jpg,ZEBRA,Nakuru,Station_D
/home/jiale/SemBench/files/animals/source_data/hypnotu/dsail-porini/versions/2/DSAIL-Porini Annotated camera trap images of wildlife species from a conservancy in Kenya/RaspberryPi_images/29th-deployment/2021-12-24-07-59-25.jpg,IMPALA,Mombasa,Station_A
/home/jiale/SemBench/files/animals/source_data/hypnotu/dsail-porini/versions/2/DSAIL-Porini Annotated camera trap images of wildlife species from a conservancy in Kenya/RaspberryPi_images/22nd-deployment/2021-12-08-15-04-00.jpg,"IMPALA, WARTHOG",Mombasa,Station_A
/home/jiale/SemBench/files/animals/source_data/hypnotu/dsail-porini/versions/2/DSAIL-Porini Annotated camera trap images of wildlife species from a conservancy in Kenya/RaspberryPi_images/29th-deployment/2021-12-24-08-03-05.jpg,IMPALA,Nakuru,Station_B
/home/jiale/SemBench/files/animals/source_data/hypnotu/dsail-porini/versions/2/DSAIL-Porini Annotated camera trap images of wildlife species from a conservancy in Kenya/RaspberryPi_images/29th-deployment/2021-12-24-08-12-33.jpg,IMPALA,Eldoret,Station_C
/home/jiale/SemBench/files/animals/source_data/hypnotu/dsail-porini/versions/2/DSAIL-Porini Annotated camera trap images of wildlife species from a conservancy in Kenya/RaspberryPi_images/28th-deployment/2021-12-25-16-44-47.jpg,WATERBUCK,Nairobi,Station_D
/home/jiale/SemBench/files/animals/source_data/hypnotu/dsail-porini/versions/2/DSAIL-Porini Annotated camera trap images of wildlife species from a conservancy in Kenya/RaspberryPi_images/11th-deployment/2021-09-29-13-36-35.jpg,MONKEY,Nakuru,Station_D
/home/jiale/SemBench/files/animals/source_data/hypnotu/dsail-porini/versions/2/DSAIL-Porini Annotated camera trap images of wildlife species from a conservancy in Kenya/RaspberryPi_images/22nd-deployment/2021-12-08-15-08-07.jpg,"IMPALA, WARTHOG",Mombasa,Station_B
/home/jiale/SemBench/files/animals/source_data/hypnotu/dsail-porini/versions/2/DSAIL-Porini Annotated camera trap images of wildlife species from a conservancy in Kenya/RaspberryPi_images/21st-deployment/2021-11-30-16-18-39.jpg,IMPALA,Mombasa,Station_B
/home/jiale/SemBench/files/animals/source_data/hypnotu/dsail-porini/versions/2/DSAIL-Porini Annotated camera trap images of wildlife species from a conservancy in Kenya/OpenMV_images/snapshot_20191083433438.jpg,IMPALA,Nairobi,Station_A
/home/jiale/SemBench/files/animals/source_data/hypnotu/dsail-porini/versions/2/DSAIL-Porini Annotated camera trap images of wildlife species from a conservancy in Kenya/RaspberryPi_images/29th-deployment/2021-12-23-18-29-22.jpg,WATERBUCK,Mombasa,Station_C
/home/jiale/SemBench/files/animals/source_data/hypnotu/dsail-porini/versions/2/DSAIL-Porini Annotated camera trap images of wildlife species from a conservancy in Kenya/RaspberryPi_images/13th-deployment/2021-10-14-10-41-34.jpg,WARTHOG,Nairobi,Station_A
/home/jiale/SemBench/files/animals/source_data/hypnotu/dsail-porini/versions/2/DSAIL-Porini Annotated camera trap images of wildlife species from a conservancy in Kenya/RaspberryPi_images/29th-deployment/2021-12-23-17-47-25.jpg,IMPALA,Nakuru,Station_D
/home/jiale/SemBench/files/animals/source_data/hypnotu/dsail-porini/versions/2/DSAIL-Porini Annotated camera trap images of wildlife species from a conservancy in Kenya/RaspberryPi_images/21st-deployment/2021-11-30-16-34-01.jpg,IMPALA,Mombasa,Station_C
/home/jiale/SemBench/files/animals/source_data/hypnotu/dsail-porini/versions/2/DSAIL-Porini Annotated camera trap images of wildlife species from a conservancy in Kenya/RaspberryPi_images/22nd-deployment/2021-12-08-17-57-58.jpg,IMPALA,Nairobi,Station_A
/home/jiale/SemBench/files/animals/source_data/hypnotu/dsail-porini/versions/2/DSAIL-Porini Annotated camera trap images of wildlife species from a conservancy in Kenya/RaspberryPi_images/29th-deployment/2021-12-24-07-40-37.jpg,IMPALA,Kisumu,Station_C
/home/jiale/SemBench/files/animals/source_data/hypnotu/dsail-porini/versions/2/DSAIL-Porini Annotated camera trap images of wildlife species from a conservancy in Kenya/RaspberryPi_images/29th-deployment/2021-12-24-07-48-20.jpg,IMPALA,Kisumu,Station_C
/home/jiale/SemBench/files/animals/source_data/hypnotu/dsail-porini/versions/2/DSAIL-Porini Annotated camera trap images of wildlife species from a conservancy in Kenya/RaspberryPi_images/29th-deployment/2021-12-23-18-33-01.jpg,IMPALA,Nakuru,Station_C
/home/jiale/SemBench/files/animals/source_data/hypnotu/dsail-porini/versions/2/DSAIL-Porini Annotated camera trap images of wildlife species from a conservancy in Kenya/RaspberryPi_images/21st-deployment/2021-11-30-16-26-50.jpg,IMPALA,Mombasa,Station_B
/home/jiale/SemBench/files/animals/source_data/hypnotu/dsail-porini/versions/2/DSAIL-Porini Annotated camera trap images of wildlife species from a conservancy in Kenya/RaspberryPi_images/22nd-deployment/2021-12-08-15-06-03.jpg,"IMPALA, WARTHOG",Nakuru,Station_C
/home/jiale/SemBench/files/animals/source_data/hypnotu/dsail-porini/versions/2/DSAIL-Porini Annotated camera trap images of wildlife species from a conservancy in Kenya/RaspberryPi_images/29th-deployment/2021-12-23-17-23-55.jpg,IMPALA,Eldoret,Station_D
/home/jiale/SemBench/files/animals/source_data/hypnotu/dsail-porini/versions/2/DSAIL-Porini Annotated camera trap images of wildlife species from a conservancy in Kenya/RaspberryPi_images/29th-deployment/2021-12-23-17-30-30.jpg,"IMPALA, ZEBRA",Eldoret,Station_A
/home/jiale/SemBench/files/animals/source_data/hypnotu/dsail-porini/versions/2/DSAIL-Porini Annotated camera trap images of wildlife species from a conservancy in Kenya/RaspberryPi_images/26th-deployment/2021-12-16-15-31-48.jpg,IMPALA,Mombasa,Station_C
/home/jiale/SemBench/files/animals/source_data/hypnotu/dsail-porini/versions/2/DSAIL-Porini Annotated camera trap images of wildlife species from a conservancy in Kenya/RaspberryPi_images/5th-deployment/2021-08-08-10-39-19.jpg,MONKEY,Mombasa,Station_B
/home/jiale/SemBench/files/animals/source_data/hypnotu/dsail-porini/versions/2/DSAIL-Porini Annotated camera trap images of wildlife species from a conservancy in Kenya/RaspberryPi_images/29th-deployment/2021-12-23-17-38-13.jpg,IMPALA,Mombasa,Station_D
/home/jiale/SemBench/files/animals/source_data/hypnotu/dsail-porini/versions/2/DSAIL-Porini Annotated camera trap images of wildlife species from a conservancy in Kenya/RaspberryPi_images/29th-deployment/2021-12-23-17-56-23.jpg,IMPALA,Mombasa,Station_D
/home/jiale/SemBench/files/animals/source_data/hypnotu/dsail-porini/versions/2/DSAIL-Porini Annotated camera trap images of wildlife species from a conservancy in Kenya/RaspberryPi_images/10th-deployment/2021-09-22-15-10-15.jpg,MONKEY,Kisumu,Station_C
/home/jiale/SemBench/files/animals/source_data/hypnotu/dsail-porini/versions/2/DSAIL-Porini Annotated camera trap images of wildlife species from a conservancy in Kenya/RaspberryPi_images/22nd-deployment/2021-12-08-18-13-19.jpg,IMPALA,Nairobi,Station_D
/home/jiale/SemBench/files/animals/source_data/hypnotu/dsail-porini/versions/2/DSAIL-Porini Annotated camera trap images of wildlife species from a conservancy in Kenya/RaspberryPi_images/29th-deployment/2021-12-24-07-37-56.jpg,IMPALA,Nairobi,Station_D
/home/jiale/SemBench/files/animals/source_data/hypnotu/dsail-porini/versions/2/DSAIL-Porini Annotated camera trap images of wildlife species from a conservancy in Kenya/RaspberryPi_images/29th-deployment/2021-12-24-08-06-49.jpg,IMPALA,Mombasa,Station_A
/home/jiale/SemBench/files/animals/source_data/hypnotu/dsail-porini/versions/2/DSAIL-Porini Annotated camera trap images of wildlife species from a conservancy in Kenya/RaspberryPi_images/29th-deployment/2021-12-24-07-34-34.jpg,IMPALA,Nakuru,Station_A
/home/jiale/SemBench/files/animals/source_data/hypnotu/dsail-porini/versions/2/DSAIL-Porini Annotated camera trap images of wildlife species from a conservancy in Kenya/RaspberryPi_images/22nd-deployment/2021-12-08-17-56-20.jpg,IMPALA,Eldoret,Station_A
/home/jiale/SemBench/files/animals/source_data/hypnotu/dsail-porini/versions/2/DSAIL-Porini Annotated camera trap images of wildlife species from a conservancy in Kenya/RaspberryPi_images/28th-deployment/2021-12-25-16-45-38.jpg,WATERBUCK,Nairobi,Station_C
/home/jiale/SemBench/files/animals/source_data/hypnotu/dsail-porini/versions/2/DSAIL-Porini Annotated camera trap images of wildlife species from a conservancy in Kenya/RaspberryPi_images/29th-deployment/2021-12-23-17-53-33.jpg,IMPALA,Eldoret,Station_A
/home/jiale/SemBench/files/animals/source_data/hypnotu/dsail-porini/versions/2/DSAIL-Porini Annotated camera trap images of wildlife species from a conservancy in Kenya/RaspberryPi_images/14th-deployment/2021-10-14-17-19-04.jpg,IMPALA,Nakuru,Station_B
/home/jiale/SemBench/files/animals/source_data/hypnotu/dsail-porini/versions/2/DSAIL-Porini Annotated camera trap images of wildlife species from a conservancy in Kenya/RaspberryPi_images/29th-deployment/2021-12-23-17-45-14.jpg,IMPALA,Kisumu,Station_B
/home/jiale/SemBench/files/animals/source_data/hypnotu/dsail-porini/versions/2/DSAIL-Porini Annotated camera trap images of wildlife species from a conservancy in Kenya/RaspberryPi_images/29th-deployment/2021-12-24-07-25-16.jpg,IMPALA,Nairobi,Station_A
/home/jiale/SemBench/files/animals/source_data/hypnotu/dsail-porini/versions/2/DSAIL-Porini Annotated camera trap images of wildlife species from a conservancy in Kenya/RaspberryPi_images/6th-deployment/2021-08-14-12-53-54.jpg,MONKEY,Mombasa,Station_B
/home/jiale/SemBench/files/animals/source_data/hypnotu/dsail-porini/versions/2/DSAIL-Porini Annotated camera trap images of wildlife species from a conservancy in Kenya/RaspberryPi_images/15th-deployment/2021-10-22-15-02-54.jpg,IMPALA,Eldoret,Station_C
/home/jiale/SemBench/files/animals/source_data/hypnotu/dsail-porini/versions/2/DSAIL-Porini Annotated camera trap images of wildlife species from a conservancy in Kenya/RaspberryPi_images/30th-deployment/2021-12-23-18-25-55.jpg,WATERBUCK,Nakuru,Station_C
/home/jiale/SemBench/files/animals/source_data/hypnotu/dsail-porini/versions/2/DSAIL-Porini Annotated camera trap images of wildlife species from a conservancy in Kenya/RaspberryPi_images/26th-deployment/2021-12-16-15-20-11.jpg,IMPALA,Mombasa,Station_B
/home/jiale/SemBench/files/animals/source_data/hypnotu/dsail-porini/versions/2/DSAIL-Porini Annotated camera trap images of wildlife species from a conservancy in Kenya/RaspberryPi_images/2nd-deployment/2021-07-01-06-52-16.jpg,IMPALA,Nairobi,Station_B
/home/jiale/SemBench/files/animals/source_data/hypnotu/dsail-porini/versions/2/DSAIL-Porini Annotated camera trap images of wildlife species from a conservancy in Kenya/RaspberryPi_images/12th-deployment/2021-10-02-17-17-37.jpg,IMPALA,Nairobi,Station_A
/home/jiale/SemBench/files/animals/source_data/hypnotu/dsail-porini/versions/2/DSAIL-Porini Annotated camera trap images of wildlife species from a conservancy in Kenya/RaspberryPi_images/29th-deployment/2021-12-24-15-02-42.jpg,IMPALA,Nairobi,Station_D
/home/jiale/SemBench/files/animals/source_data/hypnotu/dsail-porini/versions/2/DSAIL-Porini Annotated camera trap images of wildlife species from a conservancy in Kenya/RaspberryPi_images/30th-deployment/2021-12-23-17-38-24.jpg,BUSHBUCK,Nakuru,Station_D
/home/jiale/SemBench/files/animals/source_data/hypnotu/dsail-porini/versions/2/DSAIL-Porini Annotated camera trap images of wildlife species from a conservancy in Kenya/RaspberryPi_images/21st-deployment/2021-11-30-16-18-13.jpg,IMPALA,Nairobi,Station_A
/home/jiale/SemBench/files/animals/source_data/hypnotu/dsail-porini/versions/2/DSAIL-Porini Annotated camera trap images of wildlife species from a conservancy in Kenya/RaspberryPi_images/29th-deployment/2021-12-24-06-52-39.jpg,CAN'T TELL,Mombasa,Station_A
/home/jiale/SemBench/files/animals/source_data/hypnotu/dsail-porini/versions/2/DSAIL-Porini Annotated camera trap images of wildlife species from a conservancy in Kenya/RaspberryPi_images/29th-deployment/2021-12-23-17-24-38.jpg,IMPALA,Mombasa,Station_A
/home/jiale/SemBench/files/animals/source_data/hypnotu/dsail-porini/versions/2/DSAIL-Porini Annotated camera trap images of wildlife species from a conservancy in Kenya/RaspberryPi_images/14th-deployment/2021-10-17-06-29-34.jpg,IMPALA,Mombasa,Station_B
/home/jiale/SemBench/files/animals/source_data/hypnotu/dsail-porini/versions/2/DSAIL-Porini Annotated camera trap images of wildlife species from a conservancy in Kenya/RaspberryPi_images/21st-deployment/2021-11-30-16-05-00.jpg,IMPALA,Nairobi,Station_B
/home/jiale/SemBench/files/animals/source_data/hypnotu/dsail-porini/versions/2/DSAIL-Porini Annotated camera trap images of wildlife species from a conservancy in Kenya/RaspberryPi_images/16th-deployment/2021-10-23-18-13-11.jpg,ZEBRA,Kisumu,Station_A
/home/jiale/SemBench/files/animals/source_data/hypnotu/dsail-porini/versions/2/DSAIL-Porini Annotated camera trap images of wildlife species from a conservancy in Kenya/RaspberryPi_images/13th-deployment/2021-10-14-10-45-37.jpg,WARTHOG,Nairobi,Station_B
/home/jiale/SemBench/files/animals/source_data/hypnotu/dsail-porini/versions/2/DSAIL-Porini Annotated camera trap images of wildlife species from a conservancy in Kenya/RaspberryPi_images/26th-deployment/2021-12-16-15-30-53.jpg,IMPALA,Mombasa,Station_B
/home/jiale/SemBench/files/animals/source_data/hypnotu/dsail-porini/versions/2/DSAIL-Porini Annotated camera trap images of wildlife species from a conservancy in Kenya/RaspberryPi_images/14th-deployment/2021-10-14-06-04-13.jpg,IMPALA,Mombasa,Station_B
/home/jiale/SemBench/files/animals/source_data/hypnotu/dsail-porini/versions/2/DSAIL-Porini Annotated camera trap images of wildlife species from a conservancy in Kenya/RaspberryPi_images/14th-deployment/2021-10-18-06-15-52.jpg,IMPALA,Nairobi,Station_B
/home/jiale/SemBench/files/animals/source_data/hypnotu/dsail-porini/versions/2/DSAIL-Porini Annotated camera trap images of wildlife species from a conservancy in Kenya/RaspberryPi_images/21st-deployment/2021-11-30-16-34-32.jpg,IMPALA,Mombasa,Station_B
/home/jiale/SemBench/files/animals/source_data/hypnotu/dsail-porini/versions/2/DSAIL-Porini Annotated camera trap images of wildlife species from a conservancy in Kenya/RaspberryPi_images/13th-deployment/2021-10-14-10-41-31.jpg,WARTHOG,Nakuru,Station_C
/home/jiale/SemBench/files/animals/source_data/hypnotu/dsail-porini/versions/2/DSAIL-Porini Annotated camera trap images of wildlife species from a conservancy in Kenya/RaspberryPi_images/3rd-deployment/2021-07-09-09-09-05.jpg,IMPALA,Nairobi,Station_B
/home/jiale/SemBench/files/animals/source_data/hypnotu/dsail-porini/versions/2/DSAIL-Porini Annotated camera trap images of wildlife species from a conservancy in Kenya/RaspberryPi_images/28th-deployment/2021-12-25-17-09-29.jpg,WATERBUCK,Nairobi,Station_D
/home/jiale/SemBench/files/animals/source_data/hypnotu/dsail-porini/versions/2/DSAIL-Porini Annotated camera trap images of wildlife species from a conservancy in Kenya/RaspberryPi_images/29th-deployment/2021-12-24-15-03-34.jpg,IMPALA,Eldoret,Station_B
/home/jiale/SemBench/files/animals/source_data/hypnotu/dsail-porini/versions/2/DSAIL-Porini Annotated camera trap images of wildlife species from a conservancy in Kenya/RaspberryPi_images/29th-deployment/2021-12-23-18-29-37.jpg,IMPALA,Eldoret,Station_C
/home/jiale/SemBench/files/animals/source_data/hypnotu/dsail-porini/versions/2/DSAIL-Porini Annotated camera trap images of wildlife species from a conservancy in Kenya/RaspberryPi_images/29th-deployment/2021-12-23-17-38-00.jpg,BUSHBUCK,Mombasa,Station_B
/home/jiale/SemBench/files/animals/source_data/hypnotu/dsail-porini/versions/2/DSAIL-Porini Annotated camera trap images of wildlife species from a conservancy in Kenya/RaspberryPi_images/5th-deployment/2021-08-08-10-31-26.jpg,MONKEY,Eldoret,Station_D
/home/jiale/SemBench/files/animals/source_data/hypnotu/dsail-porini/versions/2/DSAIL-Porini Annotated camera trap images of wildlife species from a conservancy in Kenya/RaspberryPi_images/13th-deployment/2021-10-14-10-36-44.jpg,WARTHOG,Nairobi,Station_A
/home/jiale/SemBench/files/animals/source_data/hypnotu/dsail-porini/versions/2/DSAIL-Porini Annotated camera trap images of wildlife species from a conservancy in Kenya/RaspberryPi_images/21st-deployment/2021-11-30-16-36-20.jpg,IMPALA,Mombasa,Station_A
/home/jiale/SemBench/files/animals/source_data/hypnotu/dsail-porini/versions/2/DSAIL-Porini Annotated camera trap images of wildlife species from a conservancy in Kenya/RaspberryPi_images/29th-deployment/2021-12-23-17-47-20.jpg,IMPALA,Kisumu,Station_A
/home/jiale/SemBench/files/animals/source_data/hypnotu/dsail-porini/versions/2/DSAIL-Porini Annotated camera trap images of wildlife species from a conservancy in Kenya/RaspberryPi_images/26th-deployment/2021-12-16-15-23-29.jpg,IMPALA,Nakuru,Station_C
/home/jiale/SemBench/files/animals/source_data/hypnotu/dsail-porini/versions/2/DSAIL-Porini Annotated camera trap images of wildlife species from a conservancy in Kenya/RaspberryPi_images/30th-deployment/2021-12-23-17-41-53.jpg,BUSHBUCK,Nairobi,Station_C
/home/jiale/SemBench/files/animals/source_data/hypnotu/dsail-porini/versions/2/DSAIL-Porini Annotated camera trap images of wildlife species from a conservancy in Kenya/RaspberryPi_images/22nd-deployment/2021-12-08-18-12-17.jpg,IMPALA,Nakuru,Station_D
/home/jiale/SemBench/files/animals/source_data/hypnotu/dsail-porini/versions/2/DSAIL-Porini Annotated camera trap images of wildlife species from a conservancy in Kenya/RaspberryPi_images/29th-deployment/2021-12-24-07-40-22.jpg,IMPALA,Eldoret,Station_C
/home/jiale/SemBench/files/animals/source_data/hypnotu/dsail-porini/versions/2/DSAIL-Porini Annotated camera trap images of wildlife species from a conservancy in Kenya/RaspberryPi_images/29th-deployment/2021-12-24-07-24-25.jpg,IMPALA,Nakuru,Station_D
/home/jiale/SemBench/files/animals/source_data/hypnotu/dsail-porini/versions/2/DSAIL-Porini Annotated camera trap images of wildlife species from a conservancy in Kenya/RaspberryPi_images/22nd-deployment/2021-12-08-15-10-38.jpg,WARTHOG,Nakuru,Station_B
/home/jiale/SemBench/files/animals/source_data/hypnotu/dsail-porini/versions/2/DSAIL-Porini Annotated camera trap images of wildlife species from a conservancy in Kenya/RaspberryPi_images/11th-deployment/2021-09-29-13-51-48.jpg,MONKEY,Kisumu,Station_B
/home/jiale/SemBench/files/animals/source_data/hypnotu/dsail-porini/versions/2/DSAIL-Porini Annotated camera trap images of wildlife species from a conservancy in Kenya/RaspberryPi_images/21st-deployment/2021-11-30-16-03-05.jpg,IMPALA,Nairobi,Station_A
/home/jiale/SemBench/files/animals/source_data/hypnotu/dsail-porini/versions/2/DSAIL-Porini Annotated camera trap images of wildlife species from a conservancy in Kenya/RaspberryPi_images/13th-deployment/2021-10-14-10-37-20.jpg,WARTHOG,Nakuru,Station_D
/home/jiale/SemBench/files/animals/source_data/hypnotu/dsail-porini/versions/2/DSAIL-Porini Annotated camera trap images of wildlife species from a conservancy in Kenya/RaspberryPi_images/29th-deployment/2021-12-23-17-28-33.jpg,"IMPALA, ZEBRA",Kisumu,Station_A
/home/jiale/SemBench/files/animals/source_data/hypnotu/dsail-porini/versions/2/DSAIL-Porini Annotated camera trap images of wildlife species from a conservancy in Kenya/RaspberryPi_images/1st-deployment/2021-06-25-15-18-30.jpg,"IMPALA, WARTHOG",Nairobi,Station_B
/home/jiale/SemBench/files/animals/source_data/hypnotu/dsail-porini/versions/2/DSAIL-Porini Annotated camera trap images of wildlife species from a conservancy in Kenya/RaspberryPi_images/21st-deployment/2021-11-30-16-47-49.jpg,IMPALA,Nairobi,Station_C
/home/jiale/SemBench/files/animals/source_data/hypnotu/dsail-porini/versions/2/DSAIL-Porini Annotated camera trap images of wildlife species from a conservancy in Kenya/RaspberryPi_images/30th-deployment/2021-12-23-17-42-13.jpg,BUSHBUCK,Nairobi,Station_A
/home/jiale/SemBench/files/animals/source_data/hypnotu/dsail-porini/versions/2/DSAIL-Porini Annotated camera trap images of wildlife species from a conservancy in Kenya/RaspberryPi_images/5th-deployment/2021-08-08-10-26-24.jpg,MONKEY,Nairobi,Station_D
/home/jiale/SemBench/files/animals/source_data/hypnotu/dsail-porini/versions/2/DSAIL-Porini Annotated camera trap images of wildlife species from a conservancy in Kenya/RaspberryPi_images/21st-deployment/2021-11-30-16-14-03.jpg,IMPALA,Mombasa,Station_B
/home/jiale/SemBench/files/animals/source_data/hypnotu/dsail-porini/versions/2/DSAIL-Porini Annotated camera trap images of wildlife species from a conservancy in Kenya/RaspberryPi_images/29th-deployment/2021-12-23-17-45-11.jpg,IMPALA,Nairobi,Station_C
/home/jiale/SemBench/files/animals/source_data/hypnotu/dsail-porini/versions/2/DSAIL-Porini Annotated camera trap images of wildlife species from a conservancy in Kenya/RaspberryPi_images/22nd-deployment/2021-12-08-15-00-49.jpg,IMPALA,Nakuru,Station_C
/home/jiale/SemBench/files/animals/source_data/hypnotu/dsail-porini/versions/2/DSAIL-Porini Annotated camera trap images of wildlife species from a conservancy in Kenya/RaspberryPi_images/22nd-deployment/2021-12-08-17-54-00.jpg,IMPALA,Mombasa,Station_A
/home/jiale/SemBench/files/animals/source_data/hypnotu/dsail-porini/versions/2/DSAIL-Porini Annotated camera trap images of wildlife species from a conservancy in Kenya/RaspberryPi_images/21st-deployment/2021-11-30-16-32-07.jpg,IMPALA,Nairobi,Station_D
/home/jiale/SemBench/files/animals/source_data/hypnotu/dsail-porini/versions/2/DSAIL-Porini Annotated camera trap images of wildlife species from a conservancy in Kenya/RaspberryPi_images/13th-deployment/2021-10-14-10-43-40.jpg,WARTHOG,Eldoret,Station_D
/home/jiale/SemBench/files/animals/source_data/hypnotu/dsail-porini/versions/2/DSAIL-Porini Annotated camera trap images of wildlife species from a conservancy in Kenya/RaspberryPi_images/29th-deployment/2021-12-24-07-25-48.jpg,IMPALA,Nairobi,Station_C
/home/jiale/SemBench/files/animals/source_data/hypnotu/dsail-porini/versions/2/DSAIL-Porini Annotated camera trap images of wildlife species from a conservancy in Kenya/RaspberryPi_images/22nd-deployment/2021-12-08-15-03-55.jpg,"IMPALA, WARTHOG",Nakuru,Station_C
/home/jiale/SemBench/files/animals/source_data/hypnotu/dsail-porini/versions/2/DSAIL-Porini Annotated camera trap images of wildlife species from a conservancy in Kenya/RaspberryPi_images/26th-deployment/2021-12-16-15-37-31.jpg,IMPALA,Nairobi,Station_C
/home/jiale/SemBench/files/animals/source_data/hypnotu/dsail-porini/versions/2/DSAIL-Porini Annotated camera trap images of wildlife species from a conservancy in Kenya/RaspberryPi_images/26th-deployment/2021-12-16-15-29-32.jpg,IMPALA,Nairobi,Station_B
/home/jiale/SemBench/files/animals/source_data/hypnotu/dsail-porini/versions/2/DSAIL-Porini Annotated camera trap images of wildlife species from a conservancy in Kenya/RaspberryPi_images/14th-deployment/2021-10-16-18-10-17.jpg,ZEBRA,Kisumu,Station_B
/home/jiale/SemBench/files/animals/source_data/hypnotu/dsail-porini/versions/2/DSAIL-Porini Annotated camera trap images of wildlife species from a conservancy in Kenya/RaspberryPi_images/29th-deployment/2021-12-24-07-58-43.jpg,IMPALA,Nakuru,Station_C
/home/jiale/SemBench/files/animals/source_data/hypnotu/dsail-porini/versions/2/DSAIL-Porini Annotated camera trap images of wildlife species from a conservancy in Kenya/RaspberryPi_images/29th-deployment/2021-12-24-07-31-15.jpg,IMPALA,Nairobi,Station_A
/home/jiale/SemBench/files/animals/source_data/hypnotu/dsail-porini/versions/2/DSAIL-Porini Annotated camera trap images of wildlife species from a conservancy in Kenya/RaspberryPi_images/26th-deployment/2021-12-16-15-33-15.jpg,IMPALA,Nairobi,Station_A
/home/jiale/SemBench/files/animals/source_data/hypnotu/dsail-porini/versions/2/DSAIL-Porini Annotated camera trap images of wildlife species from a conservancy in Kenya/RaspberryPi_images/22nd-deployment/2021-12-08-15-04-04.jpg,"IMPALA, WARTHOG",Mombasa,Station_C
/home/jiale/SemBench/files/animals/source_data/hypnotu/dsail-porini/versions/2/DSAIL-Porini Annotated camera trap images of wildlife species from a conservancy in Kenya/RaspberryPi_images/29th-deployment/2021-12-23-17-36-00.jpg,BUSHBUCK,Nairobi,Station_A
/home/jiale/SemBench/files/animals/source_data/hypnotu/dsail-porini/versions/2/DSAIL-Porini Annotated camera trap images of wildlife species from a conservancy in Kenya/RaspberryPi_images/26th-deployment/2021-12-16-15-20-40.jpg,IMPALA,Kisumu,Station_B
/home/jiale/SemBench/files/animals/source_data/hypnotu/dsail-porini/versions/2/DSAIL-Porini Annotated camera trap images of wildlife species from a conservancy in Kenya/RaspberryPi_images/29th-deployment/2021-12-23-17-37-03.jpg,IMPALA,Kisumu,Station_B
/home/jiale/SemBench/files/animals/source_data/hypnotu/dsail-porini/versions/2/DSAIL-Porini Annotated camera trap images of wildlife species from a conservancy in Kenya/RaspberryPi_images/30th-deployment/2021-12-23-17-36-57.jpg,BUSHBUCK,Kisumu,Station_D
/home/jiale/SemBench/files/animals/source_data/hypnotu/dsail-porini/versions/2/DSAIL-Porini Annotated camera trap images of wildlife species from a conservancy in Kenya/RaspberryPi_images/21st-deployment/2021-11-30-16-33-47.jpg,IMPALA,Mombasa,Station_B
/home/jiale/SemBench/files/animals/source_data/hypnotu/dsail-porini/versions/2/DSAIL-Porini Annotated camera trap images of wildlife species from a conservancy in Kenya/RaspberryPi_images/21st-deployment/2021-11-30-16-08-58.jpg,IMPALA,Kisumu,Station_C
/home/jiale/SemBench/files/animals/source_data/hypnotu/dsail-porini/versions/2/DSAIL-Porini Annotated camera trap images of wildlife species from a conservancy in Kenya/RaspberryPi_images/14th-deployment/2021-10-15-18-13-51.jpg,ZEBRA,Mombasa,Station_C
/home/jiale/SemBench/files/animals/source_data/hypnotu/dsail-porini/versions/2/DSAIL-Porini Annotated camera trap images of wildlife species from a conservancy in Kenya/RaspberryPi_images/26th-deployment/2021-12-16-15-25-09.jpg,IMPALA,Kisumu,Station_A
/home/jiale/SemBench/files/animals/source_data/hypnotu/dsail-porini/versions/2/DSAIL-Porini Annotated camera trap images of wildlife species from a conservancy in Kenya/RaspberryPi_images/12th-deployment/2021-10-02-17-17-16.jpg,IMPALA,Nairobi,Station_A
/home/jiale/SemBench/files/animals/source_data/hypnotu/dsail-porini/versions/2/DSAIL-Porini Annotated camera trap images of wildlife species from a conservancy in Kenya/RaspberryPi_images/16th-deployment/2021-10-23-18-13-16.jpg,ZEBRA,Eldoret,Station_A
/home/jiale/SemBench/files/animals/source_data/hypnotu/dsail-porini/versions/2/DSAIL-Porini Annotated camera trap images of wildlife species from a conservancy in Kenya/OpenMV_images/snapshot_2019108373144176.jpg,ZEBRA,Nairobi,Station_B
/home/jiale/SemBench/files/animals/source_data/hypnotu/dsail-porini/versions/2/DSAIL-Porini Annotated camera trap images of wildlife species from a conservancy in Kenya/RaspberryPi_images/10th-deployment/2021-09-22-15-05-20.jpg,MONKEY,Nairobi,Station_A
/home/jiale/SemBench/files/animals/source_data/hypnotu/dsail-porini/versions/2/DSAIL-Porini Annotated camera trap images of wildlife species from a conservancy in Kenya/RaspberryPi_images/13th-deployment/2021-10-14-10-35-02.jpg,WARTHOG,Eldoret,Station_C
/home/jiale/SemBench/files/animals/source_data/hypnotu/dsail-porini/versions/2/DSAIL-Porini Annotated camera trap images of wildlife species from a conservancy in Kenya/RaspberryPi_images/26th-deployment/2021-12-16-15-36-21.jpg,IMPALA,Mombasa,Station_B
/home/jiale/SemBench/files/animals/source_data/hypnotu/dsail-porini/versions/2/DSAIL-Porini Annotated camera trap images of wildlife species from a conservancy in Kenya/RaspberryPi_images/13th-deployment/2021-10-14-10-39-29.jpg,WARTHOG,Kisumu,Station_C
/home/jiale/SemBench/files/animals/source_data/hypnotu/dsail-porini/versions/2/DSAIL-Porini Annotated camera trap images of wildlife species from a conservancy in Kenya/RaspberryPi_images/29th-deployment/2021-12-24-07-35-34.jpg,IMPALA,Kisumu,Station_C
/home/jiale/SemBench/files/animals/source_data/hypnotu/dsail-porini/versions/2/DSAIL-Porini Annotated camera trap images of wildlife species from a conservancy in Kenya/RaspberryPi_images/21st-deployment/2021-11-30-16-03-58.jpg,IMPALA,Kisumu,Station_D
/home/jiale/SemBench/files/animals/source_data/hypnotu/dsail-porini/versions/2/DSAIL-Porini Annotated camera trap images of wildlife species from a conservancy in Kenya/RaspberryPi_images/22nd-deployment/2021-12-08-18-13-04.jpg,IMPALA,Nairobi,Station_B
/home/jiale/SemBench/files/animals/source_data/hypnotu/dsail-porini/versions/2/DSAIL-Porini Annotated camera trap images of wildlife species from a conservancy in Kenya/RaspberryPi_images/15th-deployment/2021-10-23-10-14-39.jpg,WARTHOG,Nairobi,Station_B
/home/jiale/SemBench/files/animals/source_data/hypnotu/dsail-porini/versions/2/DSAIL-Porini Annotated camera trap images of wildlife species from a conservancy in Kenya/RaspberryPi_images/29th-deployment/2021-12-24-07-56-05.jpg,IMPALA,Nairobi,Station_A
/home/jiale/SemBench/files/animals/source_data/hypnotu/dsail-porini/versions/2/DSAIL-Porini Annotated camera trap images of wildlife species from a conservancy in Kenya/RaspberryPi_images/30th-deployment/2021-12-23-18-27-47.jpg,WATERBUCK,Eldoret,Station_B
/home/jiale/SemBench/files/animals/source_data/hypnotu/dsail-porini/versions/2/DSAIL-Porini Annotated camera trap images of wildlife species from a conservancy in Kenya/RaspberryPi_images/29th-deployment/2021-12-23-17-31-31.jpg,"IMPALA, ZEBRA",Eldoret,Station_C
/home/jiale/SemBench/files/animals/source_data/hypnotu/dsail-porini/versions/2/DSAIL-Porini Annotated camera trap images of wildlife species from a conservancy in Kenya/RaspberryPi_images/29th-deployment/2021-12-24-07-38-15.jpg,IMPALA,Nairobi,Station_A
/home/jiale/SemBench/files/animals/source_data/hypnotu/dsail-porini/versions/2/DSAIL-Porini Annotated camera trap images of wildlife species from a conservancy in Kenya/RaspberryPi_images/29th-deployment/2021-12-24-07-26-47.jpg,IMPALA,Eldoret,Station_D
/home/jiale/SemBench/files/animals/source_data/hypnotu/dsail-porini/versions/2/DSAIL-Porini Annotated camera trap images of wildlife species from a conservancy in Kenya/RaspberryPi_images/22nd-deployment/2021-12-08-15-11-58.jpg,WARTHOG,Nakuru,Station_A
/home/jiale/SemBench/files/animals/source_data/hypnotu/dsail-porini/versions/2/DSAIL-Porini Annotated camera trap images of wildlife species from a conservancy in Kenya/RaspberryPi_images/21st-deployment/2021-11-30-16-44-09.jpg,IMPALA,Nairobi,Station_B
/home/jiale/SemBench/files/animals/source_data/hypnotu/dsail-porini/versions/2/DSAIL-Porini Annotated camera trap images of wildlife species from a conservancy in Kenya/RaspberryPi_images/15th-deployment/2021-10-21-17-46-24.jpg,WARTHOG,Eldoret,Station_A
/home/jiale/SemBench/files/animals/source_data/hypnotu/dsail-porini/versions/2/DSAIL-Porini Annotated camera trap images of wildlife species from a conservancy in Kenya/RaspberryPi_images/13th-deployment/2021-10-14-10-42-50.jpg,WARTHOG,Mombasa,Station_D
/home/jiale/SemBench/files/animals/source_data/hypnotu/dsail-porini/versions/2/DSAIL-Porini Annotated camera trap images of wildlife species from a conservancy in Kenya/RaspberryPi_images/29th-deployment/2021-12-24-06-52-59.jpg,CAN'T TELL,Nakuru,Station_B
/home/jiale/SemBench/files/animals/source_data/hypnotu/dsail-porini/versions/2/DSAIL-Porini Annotated camera trap images of wildlife species from a conservancy in Kenya/RaspberryPi_images/22nd-deployment/2021-12-08-15-26-50.jpg,WARTHOG,Nakuru,Station_C
/home/jiale/SemBench/files/animals/source_data/hypnotu/dsail-porini/versions/2/DSAIL-Porini Annotated camera trap images of wildlife species from a conservancy in Kenya/RaspberryPi_images/22nd-deployment/2021-12-08-18-06-21.jpg,IMPALA,Kisumu,Station_C
