id,title,audienceScore,tomatoMeter,rating,ratingContents,releaseDateTheaters,releaseDateStreaming,runtimeMinutes,genre,originalLanguage,director,writer,boxOffice,distributor,soundMix
west_side_story_2021,West Side Story,93.0,91.0,PG-13,"['Some Strong Violence', 'Brief Smoking', 'Strong Language', 'Suggestive Material', 'Thematic Content']",2021-12-10,2022-03-02,156.0,"Musical, Romance",English,Steven Spielberg,Tony Kushner,$38.5M,20th Century Studios,"Dolby Digital, Dolby Atmos"
jurassic_world_dominion,Jurassic World Dominion,77.0,29.0,PG-13,"['Language', 'Intense Sequences of Action', 'Some Violence']",2022-06-10,2022-09-02,147.0,"Action, Adventure, Sci-fi, Mystery & thriller",English,Colin Trevorrow,"Emily Carmichael,Colin Trevorrow",$376.0M,Universal Pictures,"Dolby Digital, Dolby Atmos"
black_widow_2021,Black Widow,91.0,79.0,PG-13,"['Some Language', 'Intense Violence/Action', 'Thematic Material']",2021-07-09,2021-10-06,133.0,"Action, Adventure",English,Cate Shortland,Eric Pearson,$183.6M,Walt Disney,"Dolby Digital, Dolby Atmos"
no_time_to_die_2021,No Time to Die,88.0,83.0,PG-13,"['Sequences of Violence & Action', 'Brief Strong Language', 'Some Disturbing Images', 'Some Suggestive Material']",2021-10-08,2021-11-09,163.0,"Action, Adventure, Mystery & thriller",English,Cary Joji Fukunaga,"Neal Purvis,Robert Wade,Cary Joji Fukunaga,Phoebe Waller-Bridge,Scott Z. Burns",$160.8M,Metro-Goldwyn-Mayer,"Dolby Digital, Dolby Atmos"
la_la_land,La La Land,81.0,91.0,PG-13,['Some Language'],2016-12-25,2017-04-25,128.0,"Musical, Romance, Comedy, Drama",English,Damien Chazelle,Damien Chazelle,$151.1M,Lionsgate Films,"DTS, Dolby Atmos, Dolby Digital"
star_wars_the_rise_of_skywalker,Star Wars: The Rise of Skywalker,86.0,52.0,PG-13,['Sci-Fi Violence and Action'],2019-12-20,2019-12-20,142.0,"Sci-fi, Adventure, Action, Fantasy",English,J.J. Abrams,"Chris Terrio,J.J. Abrams",$515.2M,Walt Disney,"Dolby Atmos, Dolby Digital, DTS"
the_invisible_man_2020,The Invisible Man,88.0,92.0,R,"['Some Strong Bloody Violence', 'Language']",2020-02-28,2020-03-20,124.0,"Horror, Mystery & thriller",English,Leigh Whannell,Leigh Whannell,$64.3M,Universal Pictures,Dolby Atmos
suicide_squad_2016,Suicide Squad,58.0,26.0,PG-13,"['Disturbing Behavior', 'Suggestive Content', 'Action Throughout', 'Language', 'Sequences of Violence']",2016-08-05,2016-12-13,123.0,"Action, Adventure, Fantasy",English,David Ayer,David Ayer,,Warner Bros. Pictures,"Dolby Atmos, Datasat, Dolby Digital"
glass_onion_a_knives_out_mystery,Glass Onion: A Knives Out Mystery,92.0,92.0,PG-13,"['Some Violence', 'Sexual Material', 'Drug Content', 'Strong Language']",2022-11-23,2022-12-23,140.0,"Mystery & thriller, Comedy, Drama",English,Rian Johnson,Rian Johnson,,Netflix,Dolby Atmos
eternals,Eternals,77.0,47.0,PG-13,"['Fantasy Violence and Action', 'Brief Sexuality', 'Some Language']",2021-11-05,2022-01-12,157.0,"Action, Adventure, Fantasy",English,Chloé Zhao,"Chloé Zhao,Ryan Firpo,Kaz Firpo",$164.9M,Walt Disney,"Dolby Atmos, Dolby Digital"
jurassic_world_fallen_kingdom,Jurassic World: Fallen Kingdom,48.0,47.0,PG-13,"['Science-Fiction Violence', 'Peril']",2018-06-22,2018-09-18,128.0,"Adventure, Action, Sci-fi, Mystery & thriller",English,J. A. Bayona,"Colin Trevorrow,Derek Connolly",$416.7M,Universal Pictures,"DTS, Dolby Atmos, Dolby Digital"
the_lighthouse_2019,The Lighthouse,72.0,90.0,R,"['Nudity', 'Disturbing Images', 'Sexual Content', 'Some Language', 'Violence']",2019-10-25,2019-10-18,110.0,"Mystery & thriller, Drama",English,Robert Eggers,"Robert Eggers,Max Eggers",$10.9M,A24,
baby_driver,Baby Driver,86.0,92.0,R,"['Violence', 'Language Throughout']",2017-06-28,2017-09-26,113.0,"Action, Mystery & thriller",English,Edgar Wright,Edgar Wright,$107.8M,Sony Pictures Entertainment,"Dolby Atmos, Dolby Digital"
dunkirk_2017,Dunkirk,81.0,92.0,PG-13,"['Some Language', 'Intense War Experience']",2017-07-21,2017-12-12,107.0,"War, History, Drama",English,Christopher Nolan,Christopher Nolan,$188.0M,Warner Bros. Pictures,"Datasat, Dolby Atmos, Dolby Digital"
ready_player_one,Ready Player One,77.0,72.0,PG-13,"['Language', 'Bloody Images', 'Partial Nudity', 'Sci-Fi Action Violence', 'Some Suggestive Material']",2018-03-29,2018-04-05,140.0,"Sci-fi, Adventure, Action, Fantasy",English,Steven Spielberg,"Ernest Cline,Zak Penn",$137.0M,Warner Bros. Pictures,"Dolby Atmos, DTS, SDDS, Dolby Digital"
the_post,The Post,73.0,88.0,PG-13,"['Language', 'Brief War Violence']",2018-01-12,2018-04-17,115.0,"History, Drama",English,Steven Spielberg,"Liz Hannah,Josh Singer",$81.4M,20th Century Fox,Dolby Digital
a_quiet_place_2018,A Quiet Place,83.0,96.0,PG-13,['Terror and Some Bloody Images'],2018-04-06,2018-07-10,90.0,"Horror, Mystery & thriller",English,John Krasinski,"Bryan Woods,Scott Beck,John Krasinski",$68.4M,Paramount Pictures,"Dolby Atmos, Dolby Digital, DTS, SDDS"
dune_2021,Dune,90.0,83.0,PG-13,"['Some Disturbing Images', 'Sequences of Strong Violence', 'Suggestive Material']",2021-10-22,2021-10-22,155.0,"Sci-fi, Adventure, Action, Drama",English,Denis Villeneuve,"Jon Spaihts,Denis Villeneuve,Eric Roth",$108.3M,Warner Bros. Pictures,"Dolby Atmos, Dolby Digital"
nope,Nope,69.0,83.0,R,"['Some Violence/Bloody Images', 'Language Throughout']",2022-07-22,2022-11-18,135.0,"Sci-fi, Horror, Mystery & thriller",English,Jordan Peele,Jordan Peele,$123.2M,Universal Pictures,"Dolby Digital, Dolby Atmos"
the_front_runner_2018,The Front Runner,40.0,58.0,R,"['Some Sexual References', 'Language']",2018-11-23,2019-02-19,113.0,"Biography, Drama",English,Jason Reitman,"Matt Bai,Jay Carson,Jason Reitman",$2.0M,"Sony Pictures Entertainment, Stage 6, Columbia Pictures",
prairie_home_companion,A Prairie Home Companion,59.0,81.0,PG-13,['Risque Humor'],2006-06-09,2006-04-25,105.0,Comedy,English,Robert Altman,Garrison Keillor,$20.3M,Picturehouse,"SDDS, Dolby Digital, DTS, Dolby SRD"
prairie_home_companion,A Prairie Home Companion,59.0,81.0,PG-13,['Risque Humor'],2006-06-09,2006-04-25,105.0,Comedy,English,Robert Altman,Garrison Keillor,$20.3M,Picturehouse,"SDDS, Dolby Digital, DTS, Dolby SRD"
the_front_runner_2018,The Front Runner,40.0,58.0,R,"['Some Sexual References', 'Language']",2018-11-23,2019-02-19,113.0,"Biography, Drama",English,Jason Reitman,"Matt Bai,Jay Carson,Jason Reitman",$2.0M,"Sony Pictures Entertainment, Stage 6, Columbia Pictures",
the_revenant_2015,The Revenant,84.0,78.0,R,"['Brief Nudity', 'A Sexual Assault', 'Violence', 'Gory Images', 'Language', 'Strong Frontier Combat']",2016-01-08,2016-04-19,156.0,"Adventure, Western",English,Alejandro González Iñárritu,"Mark L. Smith,Alejandro González Iñárritu",$183.6M,20th Century Fox,"Dolby Atmos, SDDS, Dolby Digital, Datasat"
captain_marvel,Captain Marvel,45.0,79.0,PG-13,"['Brief Suggestive Language', 'Action', 'Sequences of Sci-Fi Violence']",2019-03-08,2019-05-28,124.0,"Action, Adventure, Sci-fi, Fantasy",English,"Anna Boden,Ryan Fleck","Anna Boden,Ryan Fleck,Geneva Robertson-Dworet,Jac Schaeffer",$426.8M,Walt Disney,"Dolby Digital, DTS, Dolby Atmos"
aladdin,Aladdin,94.0,57.0,PG,['Some Action/Peril'],2019-05-24,2019-08-27,128.0,"Kids & family, Musical, Comedy, Fantasy, Adventure, Romance",English,Guy Ritchie,"John August,Guy Ritchie",$355.6M,Walt Disney,"Dolby Atmos, Dolby Digital, DTS"
everything_everywhere_all_at_once,Everything Everywhere All at Once,86.0,94.0,R,"['Sexual Material', 'Language', 'Some Violence']",2022-04-08,2022-06-07,132.0,"Comedy, Adventure, Sci-fi, Fantasy",English,"Dan Kwan,Daniel Scheinert","Dan Kwan,Daniel Scheinert",$75.7M,A24,Dolby Digital
godzilla_vs_kong,Godzilla vs. Kong,91.0,75.0,PG-13,"['Destruction', 'Brief Language', 'Intense Creature Violence']",2021-03-31,2021-03-31,113.0,"Sci-fi, Action, Adventure",English,Adam Wingard,"Eric Pearson,Max Borenstein",$100.4M,Warner Bros. Pictures,"Dolby Digital, Dolby Atmos, DTS"
batman_v_superman_dawn_of_justice,Batman v Superman: Dawn of Justice,63.0,29.0,PG-13,"['Intense Sequences of Violence', 'Action Throughout', 'Some Sensuality']",2016-03-25,2016-07-19,153.0,"Action, Adventure, Sci-fi, Fantasy",English,Zack Snyder,"Chris Terrio,David S. Goyer",$330.2M,Warner Bros. Pictures,"Dolby Atmos, Datasat"
elvis,Elvis,94.0,77.0,PG-13,"['Strong Language', 'Smoking', 'Substance Abuse', 'Suggestive Material']",2022-06-24,2022-08-09,159.0,"Biography, Drama, Music",English,Baz Luhrmann,"Baz Luhrmann,Sam Bromell,Craig Pearce,Jeremy Doner",$151.0M,Warner Bros. Pictures,Dolby Digital
black_panther_2018,Black Panther,79.0,96.0,PG-13,"['Sequences of Action Violence', 'A Brief Rude Gesture']",2018-02-16,2018-05-02,134.0,"Action, Adventure, Fantasy",English,Ryan Coogler,"Ryan Coogler,Joe Robert Cole",$700.2M,Walt Disney,"DTS, Dolby Atmos"
wonder_woman_1984,Wonder Woman 1984,73.0,58.0,PG-13,"['Violence', 'Sequences of Action']",2020-12-25,2020-12-25,151.0,"Action, Adventure, Fantasy",English,Patty Jenkins,"Patty Jenkins,Geoff Johns,David Callaham",$46.5M,Warner Bros. Pictures,Dolby Atmos
stillwater_2020,Stillwater,72.0,75.0,R,['Language'],2021-07-30,2021-08-19,140.0,Drama,English,Tom McCarthy,"Tom McCarthy,Marcus Hinchey,Thomas Bidegain,Noé Debré",$14.4M,Focus Features,Dolby Atmos
jojo_rabbit,Jojo Rabbit,94.0,80.0,PG-13,"['Mature Thematic Content', 'Language', 'Some Disturbing Images', 'Violence']",2019-11-08,2019-11-08,108.0,"Comedy, Drama",English,Taika Waititi,Taika Waititi,$33.4M,Fox Searchlight,Dolby Digital
glass_2019,Glass,67.0,37.0,PG-13,"['Some Bloody Images', 'Language', 'Thematic Elements', 'Violence']",2019-01-18,2019-04-16,129.0,"Mystery & thriller, Drama",English,M. Night Shyamalan,M. Night Shyamalan,$111.0M,Universal Pictures,"Dolby Digital, Dolby Atmos"
parasite_2019,Parasite,90.0,99.0,R,"['Sexual Content', 'Language', 'Some Violence']",2019-11-01,2019-10-11,132.0,"Comedy, Mystery & thriller, Drama",Korean,Bong Joon Ho,"Bong Joon Ho,Han Jinwon",$53.4M,Neon,"Dolby Atmos, Dolby Digital"
28_days_later,28 Days Later,85.0,87.0,R,"['Nudity', 'Language', 'Strong Gore', 'Strong Violence']",2003-06-27,2004-10-12,112.0,"Horror, Sci-fi",English,Danny Boyle,Alex Garland,$45.1M,Fox,"Dolby Stereo, Dolby Digital, Dolby A, Surround, Dolby SR"
catch_me_if_you_can,Catch Me if You Can,89.0,96.0,PG-13,"['Some Sexual Content', 'Brief Language']",2002-12-25,2003-05-06,140.0,"Comedy, Drama, Crime",English,Steven Spielberg,"Jeff Nathanson,Frank Abagnale Jr.,Stan Redding",$164.4M,DreamWorks SKG,Surround
parasite_2019,Parasite,90.0,99.0,R,"['Sexual Content', 'Language', 'Some Violence']",2019-11-01,2019-10-11,132.0,"Comedy, Mystery & thriller, Drama",Korean,Bong Joon Ho,"Bong Joon Ho,Han Jinwon",$53.4M,Neon,"Dolby Atmos, Dolby Digital"
catch_me_if_you_can,Catch Me if You Can,89.0,96.0,PG-13,"['Some Sexual Content', 'Brief Language']",2002-12-25,2003-05-06,140.0,"Comedy, Drama, Crime",English,Steven Spielberg,"Jeff Nathanson,Frank Abagnale Jr.,Stan Redding",$164.4M,DreamWorks SKG,Surround
28_days_later,28 Days Later,85.0,87.0,R,"['Nudity', 'Language', 'Strong Gore', 'Strong Violence']",2003-06-27,2004-10-12,112.0,"Horror, Sci-fi",English,Danny Boyle,Alex Garland,$45.1M,Fox,"Dolby Stereo, Dolby Digital, Dolby A, Surround, Dolby SR"
first_man,First Man,67.0,87.0,PG-13,"['Peril', 'Brief Strong Language', 'Some Thematic Content']",2018-10-12,2019-01-08,141.0,"Biography, History, Drama, Adventure",English,Damien Chazelle,Josh Singer,$44.8M,Universal Pictures,"DTS, Dolby Atmos"
spider_man_into_the_spider_verse,Spider-Man: Into the Spider-Verse,93.0,97.0,PG,"['Mild Language', 'Frenetic Action Violence', 'Thematic Elements']",2018-12-14,2019-03-19,117.0,"Kids & family, Action, Adventure, Comedy, Fantasy, Animation",English,"Bob Persichetti,Peter Ramsey,Rodney Rothman","Phil Lord,Rodney Rothman",$190.2M,"Columbia Pictures, Sony Pictures Entertainment","SDDS, Dolby Atmos, Dolby Digital, DTS"
spider_man_far_from_home,Spider-Man: Far From Home,95.0,90.0,PG-13,"['Sci-Fi Action Violence', 'Brief Suggestive Comments', 'Some Language']",2019-07-02,2019-08-27,129.0,"Action, Adventure, Fantasy, Comedy",English,Jon Watts,"Chris McKenna,Erik Sommers",$390.7M,"Sony Pictures Entertainment, Columbia Pictures","Dolby Atmos, Dolby Digital"
the_favourite_2018,The Favourite,70.0,93.0,R,"['Nudity', 'Language', 'Strong Sexual Content']",2018-12-14,2019-02-12,120.0,"Comedy, Drama",English (United Kingdom),Yorgos Lanthimos,"Deborah Davis,Tony McNamara",$34.2M,Fox Searchlight,Dolby Digital
halloween_2018,Halloween,71.0,79.0,R,"['Brief Drug Use', 'Bloody Images', 'Horror Violence', 'Language', 'Nudity']",2018-10-19,2018-12-28,106.0,"Holiday, Horror, Mystery & thriller",English,David Gordon Green,"Jeff Fradley,Danny McBride,David Gordon Green",$159.5M,Universal Pictures,"DTS, Dolby Atmos, Dolby Digital"
joker_2019,Joker,88.0,69.0,R,"['Disturbing Behavior', 'Brief Sexual Images', 'Language', 'Strong Bloody Violence']",2019-10-04,2019-10-03,122.0,"Crime, Drama",English,Todd Phillips,"Todd Phillips,Scott Silver",$335.4M,Warner Bros. Pictures,"Dolby Atmos, Dolby Digital, SDDS, Datasat"
moonlight_2016,Moonlight,79.0,98.0,R,"['Drug Use', 'Brief Violence', 'Language Throughout', 'Some Sexuality']",2016-11-18,2017-02-28,111.0,"Drama, Lgbtq+",English,Barry Jenkins,Barry Jenkins,$27.9M,A24,Dolby Digital
widows_2018,Widows,61.0,91.0,R,"['Some Sexual Content/Nudity', 'Language Throughout', 'Violence']",2018-11-16,2019-02-05,128.0,"Mystery & thriller, Crime, Drama",English,Steve McQueen,"Steve McQueen,Gillian Flynn",$42.4M,20th Century Fox,
mad_max_fury_road,Mad Max: Fury Road,86.0,97.0,R,"['Intense Sequences of Violence', 'Disturbing Images']",2015-05-15,2015-09-01,120.0,"Action, Adventure",English,George Miller,"George Miller,Brendan McCarthy,Nick Lathouris",$153.6M,Warner Bros. Pictures,"Dolby Digital, Datasat, SDDS, Dolby Atmos"
ant_man_and_the_wasp,Ant-Man and The Wasp,80.0,87.0,PG-13,['Sci-Fi Action Violence'],2018-07-06,2015-12-08,118.0,"Action, Adventure, Fantasy, Comedy",English,Peyton Reed,"Chris McKenna,Erik Sommers,Paul Rudd,Andrew Barrer,Gabriel Ferrari",$216.6M,Walt Disney,"DTS, Dolby Atmos"
rocketman_2019,Rocketman,88.0,89.0,R,"['Sexual Content', 'Language Throughout', 'Some Drug Use']",2019-05-31,2019-08-06,121.0,"Musical, Biography, Drama, Lgbtq+",English,Dexter Fletcher,Lee Hall,$96.3M,Paramount Pictures,
three_billboards_outside_ebbing_missouri,"Three Billboards Outside Ebbing, Missouri",87.0,90.0,R,"['Some Sexual References', 'Language Throughout', 'Violence']",2017-11-22,2018-02-27,115.0,"Crime, Drama, Comedy",English,Martin McDonagh,Martin McDonagh,$54.1M,Fox Searchlight,Dolby Digital
black_panther_wakanda_forever,Black Panther: Wakanda Forever,94.0,84.0,PG-13,"['Sequences of Strong Violence', 'Action', 'Some Language']",2022-11-11,2023-02-01,161.0,"Action, Adventure, Fantasy",English,Ryan Coogler,"Ryan Coogler,Joe Robert Cole",$453.8M,Walt Disney Pictures,"Dolby Digital, Dolby Atmos, DTS"
knives_out,Knives Out,92.0,97.0,PG-13,"['Drug Material', 'Brief Violence', 'Sexual References', 'Some Strong Language', 'Thematic Elements']",2019-11-27,2020-06-12,130.0,"Mystery & thriller, Comedy, Drama",English,Rian Johnson,Rian Johnson,$165.4M,Lionsgate Films,"Dolby Atmos, Dolby Digital"
ad_astra,Ad Astra,40.0,83.0,PG-13,"['Brief Strong Language', 'Bloody Images', 'Some Violence']",2019-09-20,2019-09-20,124.0,"Sci-fi, Adventure, Mystery & thriller",English,James Gray,"James Gray,Ethan Gross",$50.2M,20th Century Fox,"Dolby Atmos, SDDS, DTS, Datasat"
it_2017,It,84.0,86.0,R,"['Language', 'Bloody Images', 'Violence/Horror']",2017-09-08,2018-01-09,135.0,"Horror, Mystery & thriller",English,Andy Muschietti,"Chase Palmer,Cary Joji Fukunaga,Gary Dauberman",$327.5M,Warner Bros. Pictures,"SDDS, DTS, Dolby Atmos, Dolby Digital"
marriage_story_2019,Marriage Story,85.0,95.0,R,"['Sexual References', 'Language Throughout']",2019-11-06,2019-12-06,136.0,Drama,English,Noah Baumbach,Noah Baumbach,,Netflix,
top_gun_maverick,Top Gun: Maverick,99.0,96.0,PG-13,"['Some Strong Language', 'Sequences of Intense Action']",2022-05-27,2022-08-22,131.0,"Action, Adventure",English,Joseph Kosinski,"Ehren Kruger,Eric Warren Singer,Christopher McQuarrie",$718.5M,Paramount Pictures,Dolby Atmos
guardians_of_the_galaxy_vol_2,Guardians of the Galaxy Vol. 2,87.0,85.0,PG-13,"['Language', 'Brief Suggestive Content', 'Sequences of Sci-Fi Action', 'Violence']",2017-05-05,2017-08-22,135.0,"Sci-fi, Adventure, Action, Fantasy, Comedy",English,James Gunn,James Gunn,$389.8M,Walt Disney Pictures,"Dolby Atmos, Dolby Digital"
blackkklansman,BlacKkKlansman,83.0,96.0,R,"['Language Throughout', 'Disturbing/Violent Material', 'Racial Epithets', 'Some Sexual References']",2018-08-10,2018-11-06,134.0,"Comedy, Drama, Crime",English,Spike Lee,"Charlie Wachtel,David Rabinowitz,Kevin Willmott,Spike Lee",$48.6M,Focus Features,Dolby Atmos
justice_league_2017,Justice League,68.0,39.0,PG-13,"['Sequences of Sci-Fi Violence', 'Action']",2017-11-17,2018-03-13,119.0,"Action, Adventure, Fantasy",English,Zack Snyder,"Chris Terrio,Joss Whedon",$227.0M,Warner Bros. Pictures,"Dolby Atmos, Dolby Digital, DTS"
midsommar,Midsommar,63.0,83.0,R,"['Drug Use', 'Disturbing Ritual Violence', 'Strong Sexual Content', 'Graphic Nudity', 'Grisly Images', 'Language']",2019-08-30,2019-09-24,145.0,"Horror, Mystery & thriller",English,Ari Aster,Ari Aster,$27.4M,A24,Dolby Digital
stillwater_2020,Stillwater,72.0,75.0,R,['Language'],2021-07-30,2021-08-19,140.0,Drama,English,Tom McCarthy,"Tom McCarthy,Marcus Hinchey,Thomas Bidegain,Noé Debré",$14.4M,Focus Features,Dolby Atmos
star_wars_the_last_jedi,Star Wars: The Last Jedi,42.0,91.0,PG-13,"['Violence', 'Sequences of Sci-Fi Action']",2017-12-15,2018-03-27,152.0,"Sci-fi, Adventure, Action, Fantasy",English,Rian Johnson,Rian Johnson,$620.2M,Walt Disney,"Dolby Digital, Dolby Atmos, DTS"
birds_of_prey_2020,Birds of Prey (and the Fantabulous Emancipation of One Harley Quinn),78.0,78.0,R,"['Some Sexual and Drug Material', 'Language Throughout', 'Strong Violence']",2020-02-07,2020-03-23,109.0,"Action, Comedy",English,Cathy Yan,Christina Hodson,$84.1M,Warner Bros. Pictures,Dolby Atmos
avatar_the_way_of_water,Avatar: The Way of Water,92.0,76.0,PG-13,"['Partial Nudity', 'Intense Action', 'Sequences of Strong Violence', 'Some Strong Language']",2022-12-16,2023-03-28,192.0,"Sci-fi, Adventure, Action, Fantasy",English,James Cameron,"James Cameron,Rick Jaffa,Amanda Silver",$678.3M,20th Century Studios,Dolby Atmos
get_out,Get Out,86.0,98.0,R,"['Language', 'Bloody Images', 'Sexual References', 'Violence']",2017-02-24,2017-05-23,104.0,"Horror, Mystery & thriller, Comedy",English,Jordan Peele,Jordan Peele,$176.0M,Universal Pictures,"Dolby Digital, DTS, SDDS"
the_irishman,The Irishman,86.0,95.0,R,"['Strong Violence', 'Pervasive Language']",2019-11-01,2019-11-27,209.0,"Crime, Drama",English,Martin Scorsese,Steven Zaillian,,Netflix,Dolby Atmos
solo_a_star_wars_story,Solo: A Star Wars Story,63.0,69.0,PG-13,"['Violence', 'Sequences of Sci-Fi Action']",2018-05-25,2018-09-25,135.0,"Sci-fi, Adventure, Action, Fantasy",English,Ron Howard,"Jonathan Kasdan,Lawrence Kasdan",$213.8M,Walt Disney,"Dolby Atmos, Dolby Digital, DTS"
the_batman,The Batman,87.0,85.0,PG-13,"['Some Suggestive Material', 'Drug Content', 'Strong Disturbing Content', 'Strong Language', 'Strong Violent Content']",2022-03-04,2022-04-19,176.0,"Action, Adventure, Crime, Drama",English,Matt Reeves,"Matt Reeves,Peter Craig",$369.3M,Warner Bros. Pictures,"Dolby Digital, Dolby Atmos, SDDS"
rogue_one_a_star_wars_story,Rogue One: A Star Wars Story,87.0,84.0,PG-13,['Sci-Fi Violence and Action'],2016-12-16,2017-04-04,134.0,"Sci-fi, Adventure, Action, Fantasy",English,Gareth Edwards,"Chris Weitz,Tony Gilroy",$533.2M,Walt Disney,"Dolby Digital, Dolby Atmos"
bohemian_rhapsody,Bohemian Rhapsody,85.0,60.0,PG-13,"['Language', 'Drug Content', 'Suggestive Material', 'Thematic Elements']",2018-11-02,2019-01-22,135.0,"Biography, History, Drama, Music, Lgbtq+",English,Bryan Singer,Anthony McCarten,$216.3M,20th Century Fox,Dolby Atmos
alien_covenant,Alien: Covenant,55.0,65.0,R,"['Language', 'Bloody Images', 'Sci-Fi Violence', 'Some Sexuality/Nudity']",2017-05-19,2017-08-15,122.0,"Sci-fi, Horror, Mystery & thriller",English,Ridley Scott,"John Logan,Dante Harper",$74.2M,20th Century Fox,"Dolby Atmos, Datasat"
logan_2017,Logan,90.0,94.0,R,"['Language Throughout', 'Brief Nudity', 'Strong Brutal Violence']",2017-03-03,2017-06-20,137.0,"Action, Adventure, Fantasy",English,James Mangold,"James Mangold,Michael Green,Scott Frank",$226.3M,20th Century Fox,Dolby Atmos
avengers_infinity_war,Avengers: Infinity War,92.0,85.0,PG-13,"['Intense Sci-Fi Violence', 'Action Throughout', 'Language', 'Some Crude References']",2018-04-27,2018-08-14,149.0,"Action, Adventure, Fantasy, Sci-fi",English,"Anthony Russo,Joe Russo","Christopher Markus,Stephen McFeely",$678.8M,Walt Disney,"Dolby Atmos, Dolby Digital, DTS"
kong_skull_island,Kong: Skull Island,69.0,75.0,PG-13,"['Intense Sci-Fi Violence/Action', 'Brief Strong Language']",2017-03-10,2017-07-04,118.0,"Adventure, Action, Sci-fi, Fantasy",English,Jordan Vogt-Roberts,"Dan Gilroy,Max Borenstein,Derek Connolly",$168.0M,Warner Bros. Pictures,"SDDS, Datasat, Dolby Digital"
avengers_endgame,Avengers: Endgame,90.0,94.0,PG-13,"['Sequences of Sci-Fi Violence', 'Action', 'Some Language']",2019-04-26,2019-07-30,181.0,"Action, Adventure, Fantasy, Sci-fi",English,"Anthony Russo,Joe Russo","Christopher Markus,Stephen McFeely",$858.4M,Walt Disney,"Dolby Atmos, DTS, SDDS, Dolby Digital"
mission_impossible_fallout,Mission: Impossible - Fallout,88.0,97.0,PG-13,"['Intense Sequences of Action', 'Brief Strong Language', 'Violence']",2018-07-27,2018-10-23,147.0,"Action, Adventure, Mystery & thriller",English,Christopher McQuarrie,Christopher McQuarrie,$220.1M,Paramount Pictures,"DTS, Dolby Atmos, Dolby Digital"
wonder_woman_2017,Wonder Woman,83.0,93.0,PG-13,"['Sequences of Violence', 'Action', 'Some Suggestive Content']",2017-06-02,2017-09-26,141.0,"Action, Adventure, Fantasy",English,Patty Jenkins,Allan Heinberg,$412.8M,Warner Bros. Pictures,"Dolby Atmos, SDDS, DTS"
doctor_strange_2016,Doctor Strange,86.0,89.0,PG-13,"['Sci-Fi Violence and Action', 'An Intense Crash Sequence']",2016-11-04,2017-02-28,115.0,"Action, Adventure, Fantasy",English,Scott Derrickson,"Jon Spaihts,Scott Derrickson,C. Robert Cargill",$232.6M,Walt Disney,"Dolby Atmos, Dolby Digital"
i_tonya,"I, Tonya",88.0,90.0,R,"['Some Sexual Content/Nudity', 'Pervasive Language', 'Violence']",2018-01-12,2018-02-24,121.0,"Biography, Comedy, Drama",English,Craig Gillespie,Steven Rogers,$30.0M,Neon,Dolby Atmos
shazam,Shazam!,82.0,90.0,PG-13,"['Language', 'Intense Sequences of Action', 'Suggestive Material']",2019-04-05,2019-07-02,132.0,"Action, Adventure, Comedy, Fantasy",English,David F. Sandberg,Henry Gayden,$140.4M,Warner Bros. Pictures,Dolby Atmos
skyfall,Skyfall,86.0,92.0,PG-13,"['Language', 'Intense Violent Sequences', 'Smoking', 'Some Sexuality']",2012-11-09,2013-02-12,143.0,"Action, Adventure, Mystery & thriller",English,Sam Mendes,"Neal Purvis,Robert Wade,John Logan",$304.4M,Sony Pictures Entertainment,"Dolby Digital, SDDS, Datasat"
toy_story_4,Toy Story 4,94.0,97.0,,,2019-06-21,2019-10-01,100.0,"Kids & family, Comedy, Adventure, Fantasy, Animation",English,Josh Cooley,"Andrew Stanton,Stephany Folsom",$434.0M,Walt Disney,"DTS, Dolby Digital, Dolby Atmos"
once_upon_a_time_in_hollywood,Once Upon a Time... In Hollywood,70.0,85.0,R,"['Language Throughout', 'Drug Use', 'Sexual References', 'Some Strong Graphic Violence']",2019-07-26,2019-08-27,159.0,"Comedy, Drama",English,Quentin Tarantino,Quentin Tarantino,$142.4M,"Columbia Pictures, Sony Pictures Entertainment",Dolby Digital
cruella,Cruella,97.0,75.0,PG-13,"['Thematic Elements', 'Some Violence']",2021-05-28,2021-08-27,134.0,"Comedy, Kids & family",English,Craig Gillespie,"Dana Fox,Tony McNamara",$86.1M,Walt Disney,"Dolby Atmos, Dolby Digital"
captain_america_civil_war,Captain America: Civil War,89.0,90.0,PG-13,"['Extended Sequences of Violence', 'Action and Mayhem']",2016-05-06,2016-09-13,146.0,"Action, Adventure, Fantasy",English,"Anthony Russo,Joe Russo","Christopher Markus,Stephen McFeely",$408.1M,Walt Disney,"Dolby Atmos, Dolby Digital"
deadpool_2,Deadpool 2,85.0,84.0,R,"['Language Throughout', 'Brief Drug Material', 'Sexual References', 'Strong Violence']",2018-05-18,2018-08-21,120.0,"Action, Adventure, Comedy, Fantasy",English,David Leitch,"Ryan Reynolds,Rhett Reese,Paul Wernick",$324.3M,20th Century Fox,"Dolby Digital, Dolby Atmos"
the_lion_king_2019,The Lion King,88.0,52.0,PG,"['Sequences of Violence', 'Peril', 'Some Thematic Elements']",2019-07-19,2019-08-27,118.0,"Kids & family, Adventure, Drama",English,Jon Favreau,Jeff Nathanson,$543.6M,Walt Disney,"DTS, Dolby Digital, Dolby Atmos"
a_star_is_born_2018,A Star Is Born,80.0,90.0,R,"['Some Sexuality/Nudity', 'Language Throughout', 'Substance Abuse']",2018-10-05,2019-02-19,135.0,"Romance, Drama, Music",English,Bradley Cooper,"Eric Roth,Bradley Cooper,Will Fetters",$215.3M,Warner Bros. Pictures,"SDDS, DTS, Dolby Atmos"
aquaman_2018,Aquaman,72.0,65.0,PG-13,"['Sequences of Sci-Fi Violence', 'Action', 'Some Language']",2018-12-21,2019-03-26,143.0,"Action, Adventure, Fantasy",English,James Wan,"David Leslie Johnson-McGoldrick,Will Beall",$335.0M,Warner Bros. Pictures,"DTS, Dolby Atmos, Dolby Digital"
spider_man_homecoming,Spider-Man: Homecoming,87.0,92.0,PG-13,"['Sci-Fi Action Violence', 'Brief Suggestive Comments', 'Some Language']",2017-07-07,2017-10-17,133.0,"Action, Adventure, Fantasy, Comedy",English,Jon Watts,"Jonathan M. Goldstein,John Francis Daley,Jon Watts,Christopher Ford,Chris McKenna,Erik Sommers",$334.4M,Sony Pictures Entertainment,"Dolby Atmos, DTS, SDDS"
arrival_2016,Arrival,82.0,94.0,PG-13,['Brief Strong Language'],2016-11-11,2017-02-14,116.0,"Sci-fi, Mystery & thriller, Drama",English,Denis Villeneuve,Eric Heisserer,$100.5M,Paramount Pictures,Dolby Digital
taken_3,Taken 3,43.0,13.0,PG-13,"['Intense Seq of Violence/Action', 'Brief Strong Language']",2015-01-09,2015-04-21,109.0,"Action, Mystery & thriller",English,Olivier Megaton,"Luc Besson,Robert Mark Kamen",$89.3M,20th Century Fox,Dolby Digital
star_wars_episode_vii_the_force_awakens,Star Wars: The Force Awakens,85.0,93.0,PG-13,['Sci-Fi Action Violence'],2015-12-18,2016-04-05,136.0,"Sci-fi, Adventure, Action, Fantasy",English,J.J. Abrams,"Lawrence Kasdan,J.J. Abrams,Michael Arndt",$123,Walt Disney,"Dolby Digital, Dolby Atmos"
snow_white_and_the_huntsman,Snow White and the Huntsman,52.0,49.0,PG-13,"['Intense Sequences of Action', 'Brief Sensuality', 'Intense Sequences of Violence']",2012-06-01,2012-09-11,127.0,"Fantasy, Adventure, Action",English,Rupert Sanders,"Evan Daugherty,Evan Daugherty,John Lee Hancock,Hossein Amini",$155.1M,Universal Pictures,"Dolby Digital, SDDS, Datasat, DTS"
1193230-state_of_play,State of Play,73.0,84.0,PG-13,"['Language', 'Brief Drug Content', 'Sexual References', 'Some Violence']",2009-04-17,2010-09-07,127.0,"Crime, Drama, Mystery & thriller",English,Kevin Macdonald,"Matthew Michael Carnahan,Tony Gilroy,Billy Ray",$37.0M,Universal Pictures,
blue_is_the_warmest_color,Blue Is the Warmest Color,85.0,88.0,NC-17,['Explicit Sexual Content'],2013-10-25,2014-02-25,175.0,"Drama, Romance, Lgbtq+",French (France),Abdel Kechiche,"Abdel Kechiche,Ghalya Lacroix,Abdel Kechiche",,IFC Films,
ant_man_and_the_wasp_quantumania,Ant-Man and The Wasp: Quantumania,83.0,47.0,PG-13,"['Violence/Action', 'Language']",2023-02-17,,124.0,"Action, Adventure, Fantasy, Comedy",English,Peyton Reed,Jeff Loveness,$206.0M,Walt Disney Pictures,Dolby Atmos
2012,2012,47.0,39.0,PG-13,"['Some Language', 'Disaster Sequences']",2009-11-13,2010-03-02,158.0,"Action, Mystery & thriller, Drama",English,Roland Emmerich,"Roland Emmerich,Harald Kloser",$166.1M,Sony Pictures Entertainment,
snow_white_and_the_huntsman,Snow White and the Huntsman,52.0,49.0,PG-13,"['Intense Sequences of Action', 'Brief Sensuality', 'Intense Sequences of Violence']",2012-06-01,2012-09-11,127.0,"Fantasy, Adventure, Action",English,Rupert Sanders,"Evan Daugherty,Evan Daugherty,John Lee Hancock,Hossein Amini",$155.1M,Universal Pictures,"Dolby Digital, SDDS, Datasat, DTS"
1193230-state_of_play,State of Play,73.0,84.0,PG-13,"['Language', 'Brief Drug Content', 'Sexual References', 'Some Violence']",2009-04-17,2010-09-07,127.0,"Crime, Drama, Mystery & thriller",English,Kevin Macdonald,"Matthew Michael Carnahan,Tony Gilroy,Billy Ray",$37.0M,Universal Pictures,
booksmart,Booksmart,77.0,96.0,R,"['Language Throughout', 'Drug Use and Drinking', 'Strong Sexual Content']",2019-05-24,2019-08-20,102.0,"Comedy, Lgbtq+",English,Olivia Wilde,"Katie Silberman,Emily Halpern,Sarah Haskins,Susanna Fogel",$22.7M,Annapurna Pictures,
2012,2012,47.0,39.0,PG-13,"['Some Language', 'Disaster Sequences']",2009-11-13,2010-03-02,158.0,"Action, Mystery & thriller, Drama",English,Roland Emmerich,"Roland Emmerich,Harald Kloser",$166.1M,Sony Pictures Entertainment,
ant_man_and_the_wasp_quantumania,Ant-Man and The Wasp: Quantumania,83.0,47.0,PG-13,"['Violence/Action', 'Language']",2023-02-17,,124.0,"Action, Adventure, Fantasy, Comedy",English,Peyton Reed,Jeff Loveness,$206.0M,Walt Disney Pictures,Dolby Atmos
blue_is_the_warmest_color,Blue Is the Warmest Color,85.0,88.0,NC-17,['Explicit Sexual Content'],2013-10-25,2014-02-25,175.0,"Drama, Romance, Lgbtq+",French (France),Abdel Kechiche,"Abdel Kechiche,Ghalya Lacroix,Abdel Kechiche",,IFC Films,
roma_2018,Roma,72.0,96.0,R,"['Language', 'Graphic Nudity', 'Some Disturbing Images']",2018-11-21,2018-12-15,135.0,Drama,Spanish,Alfonso Cuarón,Alfonso Cuarón,,Netflix,Dolby Atmos
little_women_2019,Little Women,92.0,95.0,PG,"['Thematic Elements', 'Brief Smoking']",2019-12-25,2019-12-25,135.0,Drama,English,Greta Gerwig,Greta Gerwig,$108.1M,"Sony Pictures Entertainment, Columbia Pictures",Dolby Atmos
thor_love_and_thunder,Thor: Love and Thunder,77.0,63.0,PG-13,"['Intense Sci-Fi Violence', 'Action', 'Language', 'Partial Nudity', 'Some Suggestive Material']",2022-07-08,2022-09-08,125.0,"Action, Adventure, Fantasy, Comedy",English,Taika Waititi,"Taika Waititi,Jennifer Kaytin Robinson",$343.2M,Walt Disney Pictures,"Dolby Digital, Dolby Atmos"
nomadland,Nomadland,82.0,93.0,R,['Some Full Nudity'],2021-02-19,2021-02-19,108.0,Drama,English,Chloé Zhao,Chloé Zhao,,Searchlight Pictures,"DTS, Dolby Digital, Dolby Atmos"
doctor_strange_in_the_multiverse_of_madness,Doctor Strange in the Multiverse of Madness,85.0,74.0,PG-13,"['Frightening Images', 'Action', 'Intense Sequences of Violence', 'Some Language']",2022-05-06,2022-06-22,126.0,"Action, Adventure, Fantasy, Horror",English,Sam Raimi,Michael Waldron,$411.3M,Walt Disney Pictures,"Dolby Atmos, Dolby Digital, DTS"
incredibles_2,Incredibles 2,84.0,93.0,PG,"['Some Brief Mild Language', 'Action Sequences']",2018-06-15,2018-11-06,118.0,"Kids & family, Comedy, Adventure, Action, Animation",English,Brad Bird,Brad Bird,$608.6M,Walt Disney,"Dolby Atmos, Dolby Digital, DTS"
thor_ragnarok_2017,Thor: Ragnarok,87.0,93.0,PG-13,"['Brief Suggestive Material', 'Action', 'Intense Sci-Fi Violence']",2017-11-03,2018-03-06,130.0,"Action, Adventure, Sci-fi, Fantasy, Comedy",English,Taika Waititi,"Eric Pearson,Craig Kyle,Christopher Yost",$315.0M,Walt Disney,Dolby Atmos
promising_young_woman,Promising Young Woman,87.0,90.0,R,"['Language Throughout', 'Drug Use', 'Sexual Assault', 'Some Sexual Material', 'Strong Violence']",2020-12-25,2021-01-15,113.0,"Comedy, Mystery & thriller",English,Emerald Fennell,Emerald Fennell,$6.4M,Focus Features,Dolby Atmos
spider_man_no_way_home,Spider-Man: No Way Home,98.0,93.0,PG-13,"['Sequences of Action/Violence', 'Brief Suggestive Comments', 'Some Language']",2021-12-17,,148.0,"Action, Adventure, Fantasy, Comedy",English,Jon Watts,"Chris McKenna,Erik Sommers",$814.1M,Columbia Pictures,"Dolby Atmos, Dolby Digital"
